,omni_id,y,x,height,width,artwork_name,artist_full_name,artist_first_name,artist_last_name,date,century,source_url,image_url,collection_origins,general_type,genre,school,original_id_in_collection,palette_families,palette,pixel_counts,geocoded,media,style,dimensions,location,tag,dominant_color,dominant_color_family,description,publisher,distributable_url
8033,1003278,7667.473255464811,6789.552359805433,1553.0,2335.0,perrier,andy warhol,andy,warhol,1983,20,http://www.moma.org/collection/works/5134,https://www.moma.org//media/W1siZiIsIjIxMDMyNiJdLFsicCIsImNvbnZlcnQiLCItcmVzaXplIDIwMDB4MjAwMFx1MDAzZSJdXQ.jpg?sha=460cd5e37cccc5e2,MOMA,design,Unknown,Unknown,5134,Whites Grays Yellows,"[u'#edebe4', u'#e7e5e0', u'#e5e3de', u'#e1dfdb', u'#cfcdc5', u'#baad98', u'#998d57', u'#7a6f49', u'#3b2f34', u'#e3dcd4', u'#dadad4', u'#d9d2c9']",7056 9103 7514 12850 6318 4813 7177 11110 11209 3294 10547 6801,f,lithograph,Unknown,"5' 1 1/8"" x 7' 7 7/8"" (155.3 x 233.5 cm)",Unknown,Unknown,#e1dfdb,Whites,,,Unknown
8177,1003558,16083.408775513237,10000.000000001344,759.0,1150.0,"bank by andy warhol. gaudy savings by rca color scanner. pretty as a pigture, huh?",andy warhol,andy,warhol,1968,20,http://www.moma.org/collection/works/5849,https://www.moma.org//media/W1siZiIsIjQxMTgiXSxbInAiLCJjb252ZXJ0IiwiLXJlc2l6ZSAyMDAweDIwMDBcdTAwM2UiXV0.jpg?sha=c758c55fdc32e77c,MOMA,design,Unknown,Unknown,5849,Whites Grays Reds Blacks,"[u'#d7d7d5', u'#d5d5d4', u'#d3d3d1', u'#d1cfcd', u'#cdcdcc', u'#cacbc9', u'#c3bfb9', u'#b09780', u'#8f6f5d', u'#6e453d', u'#322726', u'#d4d4d2']",4027 9900 8352 7887 7318 8868 4954 6224 12160 12352 12115 5171,f,lithograph,Unknown,"29 7/8 x 45 1/4"" (75.9 x 115 cm)",Unknown,Unknown,#6e453d,Reds,,,Unknown
8624,1004284,14322.218666888399,15949.023629429601,1143.0,610.0,fifth new york/film festival lincoln center,andy warhol,andy,warhol,1967,20,http://www.moma.org/collection/works/7247,https://www.moma.org//media/W1siZiIsIjc2NTMiXSxbInAiLCJjb252ZXJ0IiwiLXJlc2l6ZSAyMDAweDIwMDBcdTAwM2UiXV0.jpg?sha=54325e18a96b9c24,MOMA,design,Unknown,Unknown,7247,Reds Cyans Blacks Greens Whites Magentas Grays,"[u'#f1538a', u'#ec5f93', u'#dddfdd', u'#9db3ae', u'#867788', u'#7393a8', u'#6093ae', u'#5ea389', u'#57b75e', u'#f44c82', u'#6794b2', u'#40202c']",8748 11700 10105 1811 7611 7353 10898 4729 11959 12022 18305 13031,f,silkscreen,Unknown,"45 x 24"" (114.3 x 61.0 cm)",Unknown,Unknown,#6794b2,Cyans,,,Unknown
9517,1005590,3704.5337203694517,10000.000000000355,679.0,1238.0,scandanavian airlines system passenger ticket and baggage check,andy warhol,andy,warhol,1967,20,http://www.moma.org/collection/works/8893,https://www.moma.org//media/W1siZiIsIjExOTQyIl0sWyJwIiwiY29udmVydCIsIi1yZXNpemUgMjAwMHgyMDAwXHUwMDNlIl1d.jpg?sha=ae98024377e1d5b8,MOMA,design,Unknown,Unknown,8893,Whites Grays Yellows Blacks,"[u'#f0e3c2', u'#efc745', u'#edd165', u'#ebcb60', u'#e4bd52', u'#efc64f', u'#eeca46', u'#eac24f', u'#e7c654', u'#c3aa5a', u'#5f5841', u'#1b1816']",8177 17179 8399 7683 5258 13568 8665 5403 4802 14554 7594 17502,f,silkscreen,Unknown,"26 3/4 x 48 3/4"" (67.9 x 123.8 cm)",Unknown,Unknown,#1b1816,Blacks,,,Unknown
9541,1005638,9415.803126429786,17422.92508179076,940.0,686.0,paris review,andy warhol,andy,warhol,1967,20,http://www.moma.org/collection/works/9006,https://www.moma.org//media/W1siZiIsIjEyMTA4Il0sWyJwIiwiY29udmVydCIsIi1yZXNpemUgMjAwMHgyMDAwXHUwMDNlIl1d.jpg?sha=f779b8d99d48b085,MOMA,design,Unknown,Unknown,9006,Whites Reds Yellows,"[u'#eee5ce', u'#e8dbbe', u'#e4d7b8', u'#e3dbbc', u'#ded5b8', u'#865144', u'#e7dabb', u'#e4d9ba', u'#edd6bb', u'#e7dec0', u'#e1daba', u'#ceb69e']",7611 7510 8889 5508 6839 8369 7932 11841 5446 8235 3608 7300,f,silkscreen,Unknown,"37 1/8 x 27 1/8"" (94.0 x 68.6 cm)",Unknown,Unknown,#e4d9ba,Whites,,,Unknown
11312,1009505,14435.783449466937,3894.667857034159,737.0,580.0,untitled (city text),andy warhol,andy,warhol,1962,20,http://www.moma.org/collection/works/33425,https://www.moma.org//media/W1siZiIsIjg5ODkwIl0sWyJwIiwiY29udmVydCIsIi1yZXNpemUgMjAwMHgyMDAwXHUwMDNlIl1d.jpg?sha=d8579c02af7e7b71,MOMA,drawing,Unknown,Unknown,33425,Reds Whites Yellows,"[u'#d2b190', u'#cd652f', u'#bb3926', u'#dadad0', u'#d1783e', u'#cb5a2a', u'#c64e28', u'#bb7647', u'#b64a2a', u'#ad5e35', u'#954829', u'#923420']",1585 7026 12230 7462 6726 7888 5529 4133 6829 5651 8938 8691,f,pencil on paper,Unknown,"29 x 23"" (73.7 x 58 cm)",Unknown,Unknown,#bb3926,Reds,,,Unknown
11316,1009510,3814.073024786365,13790.740925785274,708.0,1038.0,untitled (skull),andy warhol,andy,warhol,1976,20,http://www.moma.org/collection/works/33436,https://www.moma.org//media/W1siZiIsIjk3MDQ5Il0sWyJwIiwiY29udmVydCIsIi1yZXNpemUgMjAwMHgyMDAwXHUwMDNlIl1d.jpg?sha=94e5b9c78de942a0,MOMA,drawing,Unknown,Unknown,33436,Whites,"[u'#f0f1ec', u'#ededeb', u'#ecede8', u'#eaebe7', u'#e4e5e0', u'#ecede6', u'#edece7', u'#ebece5', u'#edece8', u'#ebece7', u'#e9eae4', u'#d1d2cd']",7559 6086 21853 8606 8005 620 16 2569 7177 17498 8807 5668,f,pencil on paper,Unknown,"27 7/8 x 40 7/8"" (70.8 x 103.8 cm)",Unknown,Unknown,#ecede8,Whites,,,Unknown
11811,1010233,8329.449494810466,3041.656364809707,1016.0,762.0,roll of bills,andy warhol,andy,warhol,1962,20,http://www.moma.org/collection/works/34818,https://www.moma.org//media/W1siZiIsIjIyODQxNiJdLFsicCIsImNvbnZlcnQiLCItcmVzaXplIDIwMDB4MjAwMFx1MDAzZSJdXQ.jpg?sha=46e82a633d62f9f3,MOMA,drawing,Unknown,Unknown,34818,Whites Grays,"[u'#e1dfd9', u'#dddbd4', u'#dad7cf', u'#e3e2dc', u'#e1e0da', u'#dfdcd6', u'#deded8', u'#dadad3', u'#d6d4cc', u'#cccec7', u'#c0c0ba', u'#a7a29e']",7347 5515 6158 8731 6478 5126 6222 5649 6717 9036 11089 7948,f,pencil on paper,Unknown,"40 x 30"" (101.6 x 76.2 cm)",Unknown,Unknown,#c0c0ba,Grays,,,Unknown
18370,1022351,7223.020444797804,16704.221704597672,1037.0,697.0,paloma picasso from homage to picasso (hommage  picasso),andy warhol,andy,warhol,1975,20,http://www.moma.org/collection/works/60266,https://www.moma.org//media/W1siZiIsIjMwODk5MyJdLFsicCIsImNvbnZlcnQiLCItcmVzaXplIDIwMDB4MjAwMFx1MDAzZSJdXQ.jpg?sha=4328e1b0858e9d31,MOMA,print,Unknown,Unknown,60266,Whites Grays,"[u'#e0dfdf', u'#b8b7c0', u'#ab9193', u'#edeceb', u'#f2f0f0', u'#f1eced', u'#eeeeec', u'#edeaeb', u'#e8e8e7', u'#a4a4bd', u'#9daac2', u'#8eb2ac']",8523 2300 12020 5474 8267 6037 7806 14503 5734 3297 12557 8714,f,print,Unknown,"composition (irreg.): 40 13/16 x 27 7/16"" (103.7 x 69.7cm); sheet: 40 15/16 x 27 3/4"" (104 x 70.5cm)",Unknown,Unknown,#edeaeb,Whites,,,Unknown
18426,1022447,5061.104380663071,5061.104380662425,1014.0,813.0,"joseph beuys, state ii",andy warhol,andy,warhol,1980,20,http://www.moma.org/collection/works/60485,https://www.moma.org//media/W1siZiIsIjI1Mzc1NyJdLFsicCIsImNvbnZlcnQiLCItcmVzaXplIDIwMDB4MjAwMFx1MDAzZSJdXQ.jpg?sha=bca7700b39a6e694,MOMA,print,Unknown,Unknown,60485,Whites Grays Yellows,"[u'#dadbd3', u'#d2c99b', u'#95b3a1', u'#758d8e', u'#3d393a', u'#3c3b3c', u'#373737', u'#f5f4ed', u'#a87a79', u'#655859', u'#414040', u'#3b3e3d']",6505 4888 5379 9644 7145 11912 6449 4602 10363 3941 7181 2887,f,print,Unknown,"composition and sheet: 39 15/16 x 32"" (101.4 x 81.3cm)",Unknown,Unknown,#3c3b3c,Grays,,,Unknown
18705,1022931,8011.878489226922,3881.1911563926087,915.0,915.0,untitled from marilyn monroe,andy warhol,andy,warhol,1967,20,http://www.moma.org/collection/works/61239,https://www.moma.org//media/W1siZiIsIjI2NDkyOSJdLFsicCIsImNvbnZlcnQiLCItcmVzaXplIDIwMDB4MjAwMFx1MDAzZSJdXQ.jpg?sha=22709bd7beab1182,MOMA,print,Unknown,Unknown,61239,Reds Yellows Magentas Blacks Whites,"[u'#fc097b', u'#fb157e', u'#f1959e', u'#f0db8a', u'#fced51', u'#23211e', u'#fa1e7e', u'#f3eeb0', u'#eca49d', u'#e2ae86', u'#b08266', u'#6c2e3a']",6661 6239 1306 980 8348 11800 5479 4034 12344 964 3316 4065,f,print,Unknown,"composition and sheet: 36 x 36"" (91.5 x 91.5 cm)",Unknown,Unknown,#eca49d,Reds,,,Unknown
18706,1022932,14901.925938800327,5813.35973409832,915.0,915.0,marilyn monroe,andy warhol,andy,warhol,1967,20,http://www.moma.org/collection/works/61240,https://www.moma.org//media/W1siZiIsIjcwNjE5Il0sWyJwIiwiY29udmVydCIsIi1yZXNpemUgMjAwMHgyMDAwXHUwMDNlIl1d.jpg?sha=399e17834add4eac,MOMA,print,Unknown,Unknown,61240,Reds Whites Yellows Blacks Grays,"[u'#fa5b88', u'#eff38b', u'#ece98f', u'#dcc194', u'#bb8978', u'#282723', u'#f75680', u'#f25c83', u'#f1bab2', u'#f0a2a5', u'#6d4a41', u'#452e2c']",6244 6033 3150 1703 2876 8270 7699 5708 13181 2267 3399 5262,f,print,Unknown,"composition and sheet (each): 36 x 36"" (91.5 x 91.5 cm)",Unknown,Unknown,#f1bab2,Whites,,,Unknown
18707,1022933,6153.276154462359,4705.438845956377,915.0,915.0,untitled from marilyn monroe,andy warhol,andy,warhol,1967,20,http://www.moma.org/collection/works/61241,https://www.moma.org//media/W1siZiIsIjI2NDkzMCJdLFsicCIsImNvbnZlcnQiLCItcmVzaXplIDIwMDB4MjAwMFx1MDAzZSJdXQ.jpg?sha=a65e2398e0654438,MOMA,print,Unknown,Unknown,61241,Reds Cyans Greens Whites Magentas Grays,"[u'#f71b81', u'#b15b68', u'#b0cfb9', u'#95a58e', u'#669d82', u'#539385', u'#50898b', u'#318b95', u'#fc0c81', u'#e7e8e6', u'#b2dcc2', u'#599e7c']",3505 3277 3855 3844 9171 587 1121 16171 8982 4578 4656 5789,f,print,Unknown,"composition and sheet: 36 x 36"" (91.5 x 91.5 cm)",Unknown,Unknown,#318b95,Cyans,,,Unknown
18708,1022934,9479.889621305336,16608.628957098885,915.0,915.0,untitled from marilyn monroe,andy warhol,andy,warhol,1967,20,http://www.moma.org/collection/works/61242,https://www.moma.org//media/W1siZiIsIjI2NDkzMSJdLFsicCIsImNvbnZlcnQiLCItcmVzaXplIDIwMDB4MjAwMFx1MDAzZSJdXQ.jpg?sha=32b874c88ad1f4f0,MOMA,print,Unknown,Unknown,61242,Reds Cyans Whites Magentas Yellows Grays,"[u'#caa5bc', u'#c9a7bd', u'#c67727', u'#b38d73', u'#7b9fa4', u'#44a1ad', u'#dad8db', u'#d7700a', u'#99928e', u'#88aeb1', u'#5998a1', u'#49a0ab']",7072 6759 4147 3653 797 3798 4393 7696 11367 1851 2565 11438,f,print,Unknown,"composition and sheet: 36 x 36"" (91.5 x 91.5 cm)",Unknown,Unknown,#49a0ab,Cyans,,,Unknown
18709,1022935,15909.163637325952,13010.869258445839,915.0,915.0,untitled from marilyn monroe,andy warhol,andy,warhol,1967,20,http://www.moma.org/collection/works/61243,https://www.moma.org//media/W1siZiIsIjI2NDkzMiJdLFsicCIsImNvbnZlcnQiLCItcmVzaXplIDIwMDB4MjAwMFx1MDAzZSJdXQ.jpg?sha=6537c7f00a2a3644,MOMA,print,Unknown,Unknown,61243,Reds Blacks Magentas Yellows Grays Blues,"[u'#a74d6c', u'#a6516f', u'#a4516b', u'#8e693e', u'#825357', u'#744d4a', u'#6b4154', u'#292b4d', u'#111f4e', u'#c4b2a2', u'#916c3a', u'#0e184b']",4660 5279 8400 2481 1556 8721 3923 5118 5143 4036 9841 6378,f,print,Unknown,"composition and sheet: 36 x 36"" (91.5 x 91.5 cm)",Unknown,Unknown,#916c3a,Yellows,,,Unknown
18710,1022936,11980.84046937736,16096.400102371994,915.0,915.0,untitled from marilyn monroe,andy warhol,andy,warhol,1967,20,http://www.moma.org/collection/works/61244,https://www.moma.org//media/W1siZiIsIjI2NDkzMyJdLFsicCIsImNvbnZlcnQiLCItcmVzaXplIDIwMDB4MjAwMFx1MDAzZSJdXQ.jpg?sha=5181ffb0a82f915d,MOMA,print,Unknown,Unknown,61244,Reds Cyans Whites Yellows Magentas Grays,"[u'#ecad2d', u'#dba57f', u'#d1abc1', u'#b6a380', u'#8c7b22', u'#6f911e', u'#f5a402', u'#d2e0df', u'#c2aeae', u'#a9ced1', u'#97d2d5', u'#87921c']",2148 933 16651 1846 1912 10425 8109 3658 1928 1504 11273 5149,f,print,Unknown,"composition and sheet: 36 x 36"" (91.5 x 91.5 cm)",Unknown,Unknown,#d1abc1,Magentas,,,Unknown
18711,1022937,10502.240106085754,3618.434385363321,915.0,915.0,untitled from marilyn monroe,andy warhol,andy,warhol,1967,20,http://www.moma.org/collection/works/61245,https://www.moma.org//media/W1siZiIsIjI2NDkzNCJdLFsicCIsImNvbnZlcnQiLCItcmVzaXplIDIwMDB4MjAwMFx1MDAzZSJdXQ.jpg?sha=91f7aea9d86f3217,MOMA,print,Unknown,Unknown,61245,Reds Whites Blues Magentas,"[u'#fe2131', u'#eedfc5', u'#ec3523', u'#e2b1ac', u'#b07797', u'#ff025e', u'#fe086c', u'#f3c2aa', u'#f21060', u'#7174ac', u'#fe3205', u'#5672ba']",112 3666 1991 4406 3592 5702 9353 8206 3517 5017 11853 8377,f,print,Unknown,"composition and sheet: 36 x 36"" (91.5 x 91.5 cm)",Unknown,Unknown,#fe3205,Reds,,,Unknown
18712,1022938,16107.205590538657,6888.223326328002,915.0,915.0,untitled from marilyn monroe,andy warhol,andy,warhol,1967,20,http://www.moma.org/collection/works/61246,https://www.moma.org//media/W1siZiIsIjI2NDkzNSJdLFsicCIsImNvbnZlcnQiLCItcmVzaXplIDIwMDB4MjAwMFx1MDAzZSJdXQ.jpg?sha=8a3f7b7adf8ddc8f,MOMA,print,Unknown,Unknown,61246,Reds Grays Yellows Greens Whites,"[u'#f6b94e', u'#cea5a0', u'#c8a5bd', u'#b49996', u'#b2dfbe', u'#6c5554', u'#606564', u'#dae4d9', u'#cda09c', u'#bccaa7', u'#addcbb', u'#7c6e60']",10031 360 12496 2045 7247 3477 9731 3906 433 1309 10504 3997,f,print,Unknown,"composition and sheet: 36 x 36"" (91.5 x 91.5 cm)",Unknown,Unknown,#c8a5bd,Grays,,,Unknown
18713,1022939,14844.484356900306,14844.484356902467,915.0,915.0,untitled from marilyn monroe,andy warhol,andy,warhol,1967,20,http://www.moma.org/collection/works/61247,https://www.moma.org//media/W1siZiIsIjI2NDkzNiJdLFsicCIsImNvbnZlcnQiLCItcmVzaXplIDIwMDB4MjAwMFx1MDAzZSJdXQ.jpg?sha=23ccf5c3beb878a3,MOMA,print,Unknown,Unknown,61247,Whites Grays Cyans,"[u'#dcd9d5', u'#99897d', u'#989188', u'#95776f', u'#6b6d73', u'#9a968e', u'#8b8a8a', u'#877673', u'#76848e', u'#5a788c', u'#4d7690', u'#98676c']",3761 6307 2908 10279 1605 5381 9343 3901 4100 5860 7161 4930,f,print,Unknown,"composition and sheet: 36 x 36"" (91.5 x 91.5 cm)",Unknown,Unknown,#95776f,Grays,,,Unknown
18714,1022940,13109.99385715029,16103.706616099393,915.0,915.0,untitled from marilyn monroe,andy warhol,andy,warhol,1967,20,http://www.moma.org/collection/works/61248,https://www.moma.org//media/W1siZiIsIjI2NDkzNyJdLFsicCIsImNvbnZlcnQiLCItcmVzaXplIDIwMDB4MjAwMFx1MDAzZSJdXQ.jpg?sha=ec443a2ac522c54e,MOMA,print,Unknown,Unknown,61248,Reds Whites Yellows Greens,"[u'#ecbd38', u'#cd7327', u'#b0351c', u'#87bb5f', u'#7baf5e', u'#e6b036', u'#e0e2d0', u'#ae2205', u'#9a300f', u'#86be5e', u'#797443', u'#5a9659']",7316 2514 2491 12292 604 4036 4040 8035 6030 3756 3787 10891,f,print,Unknown,"composition and sheet: 36 x 36"" (91.5 x 91.5 cm)",Unknown,Unknown,#87bb5f,Greens,,,Unknown
18715,1022941,4626.013788264089,13904.429527740658,915.0,915.0,untitled from marilyn monroe,andy warhol,andy,warhol,1967,20,http://www.moma.org/collection/works/61249,https://www.moma.org//media/W1siZiIsIjI2NDkzOCJdLFsicCIsImNvbnZlcnQiLCItcmVzaXplIDIwMDB4MjAwMFx1MDAzZSJdXQ.jpg?sha=779d9c633123a3eb,MOMA,print,Unknown,Unknown,61249,Whites Grays Blacks,"[u'#d9d9d6', u'#797979', u'#676969', u'#2b2d2c', u'#181716', u'#767676', u'#616263', u'#434444', u'#2a2a29', u'#272827', u'#20201f', u'#121210']",3784 4617 4831 8915 4594 8230 5231 3720 4732 6278 2872 7732,f,print,Unknown,"composition and sheet: 36 x 36"" (91.5 x 91.5 cm)",Unknown,Unknown,#2b2d2c,Blacks,,,Unknown
19169,1023974,11633.60597184496,3195.541421058957,914.0,914.0,kimiko,andy warhol,andy,warhol,1981,20,http://www.moma.org/collection/works/62946,https://www.moma.org//media/W1siZiIsIjEyMzk0MCJdLFsicCIsImNvbnZlcnQiLCItcmVzaXplIDIwMDB4MjAwMFx1MDAzZSJdXQ.jpg?sha=f74c06e31a1f394b,MOMA,print,Unknown,Unknown,62946,Reds Grays Blues Whites,"[u'#d5a3a7', u'#a3c5f1', u'#98bdf5', u'#383739', u'#f6f8f5', u'#97baf1', u'#94bcf4', u'#93baf3', u'#90b8f1', u'#8aacd7', u'#6b6c71', u'#3e4a4d']",7099 1493 10035 8560 5644 3357 6225 5359 7933 2834 4439 2814,f,print,Unknown,"composition and sheet: 36 x 36"" (91.4 x 91.4cm)",Unknown,Unknown,#98bdf5,Blues,,,Unknown
19344,1024325,11225.015934327346,15102.558589605493,846.0,611.0,speed skater,andy warhol,andy,warhol,1983,20,http://www.moma.org/collection/works/63472,https://www.moma.org//media/W1siZiIsIjI3OTMzOSJdLFsicCIsImNvbnZlcnQiLCItcmVzaXplIDIwMDB4MjAwMFx1MDAzZSJdXQ.jpg?sha=4c992128b78fc5db,MOMA,print,Unknown,Unknown,63472,Reds Cyans Blacks Whites Yellows Grays,"[u'#f8d555', u'#f7f3e1', u'#6d7d7e', u'#2e2d37', u'#b94026', u'#715040', u'#3f2e31', u'#2e5654', u'#2a2a35', u'#292e37', u'#282832', u'#275453']",8035 6073 4449 13871 9013 2026 3237 12869 10154 3884 7423 9078,f,print,Unknown,"composition and sheet: 33 5/16 x 24 1/16"" (84.6 x 61.1cm)",Unknown,Unknown,#2e2d37,Blacks,,,Unknown
19662,1024832,8364.560552553932,16812.09555443707,910.0,916.0,untitled from flowers,andy warhol,andy,warhol,1970,20,http://www.moma.org/collection/works/64278,https://www.moma.org//media/W1siZiIsIjEyOTM1NCJdLFsicCIsImNvbnZlcnQiLCItcmVzaXplIDIwMDB4MjAwMFx1MDAzZSJdXQ.jpg?sha=1f057415bd0c0ed3,MOMA,print,Unknown,Unknown,64278,Reds Whites Yellows Grays,"[u'#eba079', u'#eda587', u'#ecc9d6', u'#e5a799', u'#dac5cc', u'#cf8fa4', u'#bfd5ca', u'#f6d86b', u'#ebc2c3', u'#e89a87', u'#d4aab6', u'#eca175']",13498 789 7346 1049 6493 6483 6888 8558 4770 592 6706 2620,f,print,Unknown,"composition and sheet:  36 1/8 x 36 1/16"" (91 x 91.6 cm)",Unknown,Unknown,#eba079,Reds,,,Unknown
19663,1024834,5238.122490949253,5932.972392973709,918.0,916.0,untitled from flowers,andy warhol,andy,warhol,1970,20,http://www.moma.org/collection/works/64280,https://www.moma.org//media/W1siZiIsIjEyOTM2MyJdLFsicCIsImNvbnZlcnQiLCItcmVzaXplIDIwMDB4MjAwMFx1MDAzZSJdXQ.jpg?sha=be82c67f2bd8a642,MOMA,print,Unknown,Unknown,64280,Reds Greens Blacks Magentas Yellows Grays Blues,"[u'#fe2f88', u'#9687c0', u'#41672f', u'#16290f', u'#ffc43d', u'#fe2c86', u'#fd348b', u'#d5c44b', u'#7b2e42', u'#82a859', u'#7b8087', u'#29341d']",7182 6348 8622 7121 8088 5479 5022 471 1195 8110 719 7435,f,print,Unknown,"composition and sheet: 36 1/8 x 36 1/16"" (91.8 x 91.6cm)",Unknown,Unknown,#41672f,Greens,,,Unknown
19664,1024835,7559.646373534976,15891.534821999434,918.0,916.0,untitled from flowers,andy warhol,andy,warhol,1970,20,http://www.moma.org/collection/works/64281,https://www.moma.org//media/W1siZiIsIjEyOTM1NSJdLFsicCIsImNvbnZlcnQiLCItcmVzaXplIDIwMDB4MjAwMFx1MDAzZSJdXQ.jpg?sha=0751154762e382d9,MOMA,print,Unknown,Unknown,64281,Reds Cyans Blacks Greens Magentas Yellows Grays,"[u'#d38d9a', u'#9dd1dc', u'#8dbb86', u'#749f48', u'#696761', u'#4a2d4e', u'#486536', u'#344926', u'#aa5c9c', u'#a5d4dc', u'#80a64f', u'#162213']",5400 9385 1960 8999 3141 2533 4292 5421 5314 3173 5961 9957,f,print,Unknown,"composition and sheet: 36 1/8 x 36 1/16"" (91.8 x 91.6cm)
",Unknown,Unknown,#162213,Blacks,,,Unknown
19665,1024836,12437.348037817546,4115.7213108817205,918.0,916.0,untitled from flowers,andy warhol,andy,warhol,1970,20,http://www.moma.org/collection/works/64282,https://www.moma.org//media/W1siZiIsIjEyOTM1NiJdLFsicCIsImNvbnZlcnQiLCItcmVzaXplIDIwMDB4MjAwMFx1MDAzZSJdXQ.jpg?sha=1fdf410942775f8c,MOMA,print,Unknown,Unknown,64282,Reds Grays Yellows Blacks,"[u'#f1ab05', u'#d3b334', u'#caa58e', u'#9b8b4d', u'#63652a', u'#443f1a', u'#303112', u'#f8ea55', u'#f2ae07', u'#d1d45b', u'#c5a0ac', u'#221e0f']",11206 1786 614 5130 5895 5003 4931 6230 5396 4237 8345 6763,f,print,Unknown,"composition and sheet: 36 1/8 x 36 1/16"" (91.8 x 91.6cm)
",Unknown,Unknown,#f1ab05,Yellows,,,Unknown
19666,1024837,3786.2614756925095,11491.786634164633,918.0,916.0,untitled from flowers,andy warhol,andy,warhol,1970,20,http://www.moma.org/collection/works/64283,https://www.moma.org//media/W1siZiIsIjEyOTM1NyJdLFsicCIsImNvbnZlcnQiLCItcmVzaXplIDIwMDB4MjAwMFx1MDAzZSJdXQ.jpg?sha=78500c47fa1283fd,MOMA,print,Unknown,Unknown,64283,Reds Magentas Yellows Grays,"[u'#fad75e', u'#f39b78', u'#f08168', u'#e7415f', u'#e4a9b8', u'#f06066', u'#eca67b', u'#e7b4a9', u'#e1aecd', u'#e0aebb', u'#d16052', u'#9c84a8']",6339 3442 4942 6790 1099 4220 9304 364 16135 499 5693 6709,f,print,Unknown,"composition and sheet: 36 1/8 x 36 1/16"" (91.8 x 91.6cm)",Unknown,Unknown,#e1aecd,Magentas,,,Unknown
19667,1024838,15920.86496269349,8076.194354885395,918.0,916.0,untitled from flowers,andy warhol,andy,warhol,1970,20,http://www.moma.org/collection/works/64284,https://www.moma.org//media/W1siZiIsIjEyOTM1OCJdLFsicCIsImNvbnZlcnQiLCItcmVzaXplIDIwMDB4MjAwMFx1MDAzZSJdXQ.jpg?sha=174418ea879c6d17,MOMA,print,Unknown,Unknown,64284,Reds Grays Yellows Magentas Cyans,"[u'#ffdd02', u'#867579', u'#714965', u'#901e27', u'#ffd809', u'#fbdc04', u'#b9b282', u'#90445d', u'#8d2e45', u'#81408e', u'#78b0c2', u'#732631']",12609 6079 3149 7414 3479 1778 1058 2615 8595 8222 6277 4261,f,print,Unknown,"composition and sheet: 36 1/8 x 36 1/16"" (91.8 x 91.6cm)",Unknown,Unknown,#ffdd02,Yellows,,,Unknown
19668,1024839,15919.371046611272,11923.320242354454,918.0,916.0,untitled from flowers,andy warhol,andy,warhol,1970,20,http://www.moma.org/collection/works/64285,https://www.moma.org//media/W1siZiIsIjEyOTM1OSJdLFsicCIsImNvbnZlcnQiLCItcmVzaXplIDIwMDB4MjAwMFx1MDAzZSJdXQ.jpg?sha=f3757962fe7301dd,MOMA,print,Unknown,Unknown,64285,Yellows Greens Blacks,"[u'#f8ef71', u'#f2d515', u'#f2cf03', u'#b3c943', u'#f8e992', u'#162111', u'#093f16', u'#f6d421', u'#618641', u'#34864a', u'#294223', u'#1d7437']",7241 1118 14553 1274 6636 7399 5311 666 2035 8856 5154 5293,f,print,Unknown,"composition and sheet: 36 1/8 x 36 1/16"" (91.8 x 91.6cm)",Unknown,Unknown,#f2cf03,Yellows,,,Unknown
19669,1024840,5961.026534714665,14729.030329365738,918.0,916.0,untitled from flowers,andy warhol,andy,warhol,1970,20,http://www.moma.org/collection/works/64286,https://www.moma.org//media/W1siZiIsIjEyOTM2MCJdLFsicCIsImNvbnZlcnQiLCItcmVzaXplIDIwMDB4MjAwMFx1MDAzZSJdXQ.jpg?sha=b6c5d1307c8e7769,MOMA,print,Unknown,Unknown,64286,Magentas Yellows Greens Grays,"[u'#c5b71d', u'#c48fc4', u'#67af5c', u'#f7ba01', u'#c996b8', u'#c894d5', u'#c4527f', u'#98a073', u'#87b033', u'#84b042', u'#79b248', u'#78ac49']",1297 1282 8551 6478 1625 14612 8354 1766 6759 5497 3945 5626,f,print,Unknown,"composition and sheet: 36 1/8 x 36 1/16"" (91.8 x 91.6cm)",Unknown,Unknown,#c894d5,Magentas,,,Unknown
19670,1024841,3955.420482934256,8548.824850380335,918.0,916.0,untitled from flowers,andy warhol,andy,warhol,1970,20,http://www.moma.org/collection/works/64287,https://www.moma.org//media/W1siZiIsIjEyOTM2MSJdLFsicCIsImNvbnZlcnQiLCItcmVzaXplIDIwMDB4MjAwMFx1MDAzZSJdXQ.jpg?sha=2a97ae48cd722b8a,MOMA,print,Unknown,Unknown,64287,Reds Cyans Magentas Yellows Grays Blues,"[u'#cc392a', u'#c25b86', u'#b6618f', u'#5d85aa', u'#4187b6', u'#fba623', u'#d19853', u'#c43a2a', u'#bf6aa8', u'#b1807f', u'#846688', u'#5f7aac']",3915 1212 561 3859 5780 8338 2344 7250 14458 1600 6180 10039,f,print,Unknown,"composition and sheet: 36 1/8 x 36 1/16"" (91.8 x 91.6cm)",Unknown,Unknown,#bf6aa8,Magentas,,,Unknown
19671,1024842,4515.611859490579,12794.435332494222,918.0,916.0,untitled from flowers,andy warhol,andy,warhol,1970,20,http://www.moma.org/collection/works/64288,https://www.moma.org//media/W1siZiIsIjEyOTM2MiJdLFsicCIsImNvbnZlcnQiLCItcmVzaXplIDIwMDB4MjAwMFx1MDAzZSJdXQ.jpg?sha=0e406489a1d6683a,MOMA,print,Unknown,Unknown,64288,Reds Grays Yellows Greens,"[u'#fcab2b', u'#c48792', u'#a8512e', u'#a48d85', u'#7e8f72', u'#789768', u'#739b59', u'#6b9d4b', u'#fea828', u'#fea626', u'#a3562f', u'#a0a255']",5129 5911 5513 2935 7396 5439 7289 9065 5751 6644 2938 1526,f,print,Unknown,"composition and sheet: 36 1/8 x 36 1/16"" (91.8 x 91.6cm)",Unknown,Unknown,#6b9d4b,Greens,,,Unknown
20110,1025752,11364.378964581954,14199.126677761127,609.0,761.0,"jacqueline kennedy ii from 11 pop artists, volume ii",andy warhol,andy,warhol,1965,20,http://www.moma.org/collection/works/65785,https://www.moma.org//media/W1siZiIsIjcwNjE0Il0sWyJwIiwiY29udmVydCIsIi1yZXNpemUgMjAwMHgyMDAwXHUwMDNlIl1d.jpg?sha=69e1db63b0355a94,MOMA,print,Unknown,Unknown,65785,Grays Blacks,"[u'#bfa7ab', u'#bda3a8', u'#baa5a8', u'#b8a3a6', u'#b29d9f', u'#756767', u'#4c4341', u'#37312e', u'#c9b8b9', u'#bba2a6', u'#baa0a5', u'#bfa5aa']",9156 8218 6188 4492 5391 5820 12447 9151 2331 6397 4941 7132,f,print,Unknown,"composition: 24 x 29 15/16"" (60.9 x 76.1cm); sheet: 24 x 30"" (60.9 x 76.2 cm)",Unknown,Unknown,#4c4341,Grays,,,Unknown
20117,1025760,15860.702965273322,14258.04994828202,1015.0,761.0,"jacqueline kennedy iii from 11 pop artists, volume iii",andy warhol,andy,warhol,1965,20,http://www.moma.org/collection/works/65797,https://www.moma.org//media/W1siZiIsIjIwODY1OSJdLFsicCIsImNvbnZlcnQiLCItcmVzaXplIDIwMDB4MjAwMFx1MDAzZSJdXQ.jpg?sha=f501a2f7308391b7,MOMA,print,Unknown,Unknown,65797,Grays Blacks,"[u'#969fb1', u'#7f899e', u'#7a8399', u'#2d2d38', u'#2a2933', u'#26272f', u'#25232c', u'#22232a', u'#201f28', u'#737a90', u'#5d6272', u'#3c3e4a']",2735 11086 8083 9372 7407 7419 8888 7350 5270 6349 5078 7747,f,print,Unknown,"composition and sheet: 39 15/16 x 29 15/16"" (101.5 x 76.1cm)",Unknown,Unknown,#7f899e,Grays,,,Unknown
20264,1026001,5596.531732566435,16060.854110657929,657.0,965.0,"leonardo da vinci, the annunciation 1473 from the series details of renaissance paintings",andy warhol,andy,warhol,1984,20,http://www.moma.org/collection/works/66286,https://www.moma.org//media/W1siZiIsIjI1MzczMCJdLFsicCIsImNvbnZlcnQiLCItcmVzaXplIDIwMDB4MjAwMFx1MDAzZSJdXQ.jpg?sha=059a1223314b1e70,MOMA,print,Unknown,Unknown,66286,Whites Grays Yellows Blacks Greens,"[u'#f5f5eb', u'#f3eddd', u'#c1bf93', u'#b59b77', u'#687b59', u'#3f5335', u'#f8f6ea', u'#f7f2ec', u'#efe0c0', u'#f7f4eb', u'#225432', u'#203e33']",5326 3863 4489 7732 7267 6262 9812 2113 13600 10614 5926 12340,f,print,Unknown,"composition (irreg.): 25 7/8 x 38"" (65.7 x 96.5 cm); sheet: 31 7/8 x 44 1/8"" (81 x 112 cm)",Unknown,Unknown,#efe0c0,Whites,,,Unknown
20270,1026011,15313.763867244652,4686.236132755924,655.0,945.0,"paolo uccello, st. george and the dragon 1460 from the series details of renaissance paintings",andy warhol,andy,warhol,1984,20,http://www.moma.org/collection/works/66306,https://www.moma.org//media/W1siZiIsIjI1MzczMSJdLFsicCIsImNvbnZlcnQiLCItcmVzaXplIDIwMDB4MjAwMFx1MDAzZSJdXQ.jpg?sha=9a058962c7e3aaba,MOMA,print,Unknown,Unknown,66306,Whites Grays Yellows Reds Cyans,"[u'#bdb790', u'#3d535b', u'#374f5a', u'#36515a', u'#f6f4ea', u'#f5f4ef', u'#f3f6f0', u'#e5e6cc', u'#f6f6ef', u'#a67866', u'#6d4659', u'#354c56']",9155 7734 18915 4971 13332 10151 2182 4155 5661 8861 1711 2772,f,print,Unknown,"composition (irreg.): 25 13/16 x 37 3/16"" (65.5 x 94.5 cm); sheet: 31 7/8 x 44 1/8"" (81 x 112.1 cm)",Unknown,Unknown,#374f5a,Grays,,,Unknown
21080,1027390,9999.999999999238,15404.039364174445,900.0,1216.0,untitled from electric chairs,andy warhol,andy,warhol,1971,20,http://www.moma.org/collection/works/68649,https://www.moma.org//media/W1siZiIsIjI3OTU2OCJdLFsicCIsImNvbnZlcnQiLCItcmVzaXplIDIwMDB4MjAwMFx1MDAzZSJdXQ.jpg?sha=5ee4f77d9651b8d6,MOMA,print,Unknown,Unknown,68649,Grays Yellows,"[u'#f0e766', u'#ede78d', u'#ebe15f', u'#bcb776', u'#a29f7d', u'#8b8b85', u'#f7ee5c', u'#f2e85d', u'#e8de67', u'#e4de8e', u'#d9d063', u'#d5ce75']",9881 1287 6151 9281 10607 10959 5404 8021 10612 3896 6406 5559,f,print,Unknown,"composition and sheet: 35 7/16 x 47 7/8"" (90 x 121.6 cm)",Unknown,Unknown,#8b8b85,Grays,,,Unknown
21081,1027391,11274.244754194546,4692.388618320711,900.0,1216.0,untitled from electric chairs,andy warhol,andy,warhol,1971,20,http://www.moma.org/collection/works/68651,https://www.moma.org//media/W1siZiIsIjI3OTU2OSJdLFsicCIsImNvbnZlcnQiLCItcmVzaXplIDIwMDB4MjAwMFx1MDAzZSJdXQ.jpg?sha=bba09eb8bfb814da,MOMA,print,Unknown,Unknown,68651,Grays Yellows,"[u'#facd80', u'#e9d19f', u'#fad081', u'#f9ca7f', u'#f7c87f', u'#f2ca85', u'#f1d293', u'#edc486', u'#ecc888', u'#d9d0ac', u'#ccc2a0', u'#9bbac0']",7582 3164 4774 8385 11773 9027 2354 3960 11998 4719 9484 10588,f,print,Unknown,"composition and sheet: 35 7/16 x 47 7/8"" (90 x 121.6 cm)",Unknown,Unknown,#ecc888,Yellows,,,Unknown
21082,1027392,14995.4024112757,12069.163428263088,900.0,1216.0,untitled from electric chairs,andy warhol,andy,warhol,1971,20,http://www.moma.org/collection/works/68652,https://www.moma.org//media/W1siZiIsIjI3OTU3MCJdLFsicCIsImNvbnZlcnQiLCItcmVzaXplIDIwMDB4MjAwMFx1MDAzZSJdXQ.jpg?sha=8e73f3c57302d242,MOMA,print,Unknown,Unknown,68652,Grays Magentas,"[u'#da8fc6', u'#d893c7', u'#c78fb9', u'#ba95b2', u'#af9fae', u'#d98cc4', u'#d58cc3', u'#d18ec1', u'#d094c1', u'#cbc0ca', u'#c29ab9', u'#a69aa6']",7533 9359 6712 6329 8976 6842 9669 6977 7261 3843 5394 9169,f,print,Unknown,"composition and sheet: 35 7/16 x 47 7/8"" (90 x 121.6 cm)",Unknown,Unknown,#d58cc3,Magentas,,,Unknown
21083,1027393,14997.21644449663,7930.085174576588,900.0,1216.0,untitled from electric chairs,andy warhol,andy,warhol,1971,20,http://www.moma.org/collection/works/68653,https://www.moma.org//media/W1siZiIsIjI3OTU3MSJdLFsicCIsImNvbnZlcnQiLCItcmVzaXplIDIwMDB4MjAwMFx1MDAzZSJdXQ.jpg?sha=dd8335bbc09a62de,MOMA,print,Unknown,Unknown,68653,Grays Magentas,"[u'#7a4967', u'#774566', u'#714166', u'#653b67', u'#5e3767', u'#b194a4', u'#6d446a', u'#6c4069', u'#6a3e68', u'#66406c', u'#633e6b', u'#5f3a68']",9438 6577 8137 5699 8374 3833 4227 4371 5015 10797 11263 10333,f,print,Unknown,"composition and sheet: 35 7/16 x 47 7/8"" (90 x 121.6 cm)",Unknown,Unknown,#633e6b,Magentas,,,Unknown
21084,1027394,5608.767236035592,12690.95089866304,900.0,1216.0,untitled from electric chairs,andy warhol,andy,warhol,1971,20,http://www.moma.org/collection/works/68654,https://www.moma.org//media/W1siZiIsIjI3OTU3MiJdLFsicCIsImNvbnZlcnQiLCItcmVzaXplIDIwMDB4MjAwMFx1MDAzZSJdXQ.jpg?sha=30733169e8bd57ec,MOMA,print,Unknown,Unknown,68654,Grays Yellows Cyans,"[u'#a7c9be', u'#9ac9d9', u'#93c1d6', u'#9ec8cb', u'#ced8bb', u'#ccc877', u'#c3ca89', u'#b9c899', u'#b4c4a4', u'#a4cad1', u'#9ec4ca', u'#96c4d6']",9403 7145 9685 4677 3724 9751 6334 4503 5752 9826 8512 8752,f,print,Unknown,"composition and sheet: 35 7/16 x 47 7/8"" (90 x 121.6 cm)",Unknown,Unknown,#a4cad1,Cyans,,,Unknown
21085,1027395,6392.295204571113,5775.920405608221,900.0,1216.0,untitled from electric chairs,andy warhol,andy,warhol,1971,20,http://www.moma.org/collection/works/68655,https://www.moma.org//media/W1siZiIsIjI3OTU3MyJdLFsicCIsImNvbnZlcnQiLCItcmVzaXplIDIwMDB4MjAwMFx1MDAzZSJdXQ.jpg?sha=9bc89d977837d43a,MOMA,print,Unknown,Unknown,68655,Whites Grays,"[u'#d0cbcd', u'#a1979e', u'#947985', u'#8b737d', u'#805f6b', u'#775961', u'#6d4d55', u'#9d8a94', u'#856873', u'#7c5c66', u'#75545e', u'#705259']",3796 10347 7444 6226 7342 7328 6998 7462 8350 7282 8217 7528,f,print,Unknown,"composition and sheet: 35 7/16 x 47 7/8"" (90 x 121.6 cm)",Unknown,Unknown,#a1979e,Grays,,,Unknown
21086,1027396,7045.7971228297,14820.820949231591,900.0,1216.0,untitled from electric chairs,andy warhol,andy,warhol,1971,20,http://www.moma.org/collection/works/68656,https://www.moma.org//media/W1siZiIsIjI3OTU3NCJdLFsicCIsImNvbnZlcnQiLCItcmVzaXplIDIwMDB4MjAwMFx1MDAzZSJdXQ.jpg?sha=38fa3608d5b679b5,MOMA,print,Unknown,Unknown,68656,Grays Blues,"[u'#545162', u'#524f61', u'#4c5368', u'#485167', u'#464d64', u'#394b66', u'#898e9a', u'#505064', u'#4c5267', u'#4b546a', u'#3d506b', u'#394e69']",14058 7724 4044 4938 4823 6909 4260 11564 2721 4862 12434 9471,f,print,Unknown,"composition and sheet: 35 7/16 x 47 7/8"" (90 x 121.6 cm)",Unknown,Unknown,#545162,Grays,,,Unknown
21087,1027397,4699.110211490158,11722.36349984614,900.0,1216.0,untitled from electric chairs,andy warhol,andy,warhol,1971,20,http://www.moma.org/collection/works/68657,https://www.moma.org//media/W1siZiIsIjI3OTU3NSJdLFsicCIsImNvbnZlcnQiLCItcmVzaXplIDIwMDB4MjAwMFx1MDAzZSJdXQ.jpg?sha=6d9132e8aea8608b,MOMA,print,Unknown,Unknown,68657,Whites Grays,"[u'#d3d5d3', u'#c7c7c6', u'#c5c5c4', u'#c0c5c3', u'#bec1c0', u'#b1c5bd', u'#c3c4c3', u'#c1c2c1', u'#bfc0bf', u'#b7c0bd', u'#a4c0b4', u'#c0c3c2']",3657 12829 8003 6306 8093 5362 8300 7535 6255 8949 8395 4380,f,print,Unknown,"composition and sheet: 35 7/16 x 47 7/8"" (90 x 121.6 cm)",Unknown,Unknown,#c7c7c6,Grays,,,Unknown
21088,1027398,7428.416732941214,4952.983664285574,900.0,1216.0,untitled from electric chairs,andy warhol,andy,warhol,1971,20,http://www.moma.org/collection/works/68658,https://www.moma.org//media/W1siZiIsIjI3OTU3NiJdLFsicCIsImNvbnZlcnQiLCItcmVzaXplIDIwMDB4MjAwMFx1MDAzZSJdXQ.jpg?sha=8e87adea16dc93a3,MOMA,print,Unknown,Unknown,68658,Whites Reds Yellows,"[u'#e9ddc8', u'#e5c79a', u'#d7b17c', u'#d48f5d', u'#c6634d', u'#a24756', u'#e1b67f', u'#d8a26a', u'#c97a57', u'#c88c63', u'#ad6255', u'#7d384e']",4901 7856 5286 5747 7850 10982 4536 6962 9334 6912 5931 11511,f,print,Unknown,"composition and sheet: 35 7/16 x 47 7/8"" (90 x 121.6 cm)",Unknown,Unknown,#7d384e,Reds,,,Unknown
21089,1027399,9999.999999999402,4698.062397067224,900.0,1216.0,untitled from electric chairs,andy warhol,andy,warhol,1971,20,http://www.moma.org/collection/works/68659,https://www.moma.org//media/W1siZiIsIjI3OTU3NyJdLFsicCIsImNvbnZlcnQiLCItcmVzaXplIDIwMDB4MjAwMFx1MDAzZSJdXQ.jpg?sha=ea4e26b8a576e4d9,MOMA,print,Unknown,Unknown,68659,Reds Whites Yellows Magentas,"[u'#e0ad8b', u'#df97b2', u'#dd91b9', u'#db91b2', u'#d899a7', u'#d585bc', u'#e8d0b6', u'#e7b87a', u'#e6b285', u'#e0a29c', u'#da8cbc', u'#d68ab8']",5810 6120 9606 8555 6222 11511 3856 9491 4981 6381 10459 5072,f,print,Unknown,"composition and sheet: 35 7/16 x 47 7/8"" (90 x 121.6 cm)",Unknown,Unknown,#d585bc,Magentas,,,Unknown
21098,1027419,8405.05472457047,5091.263183112405,1050.0,1044.0,vote mcgovern,andy warhol,andy,warhol,1972,20,http://www.moma.org/collection/works/68705,https://www.moma.org//media/W1siZiIsIjcxNTI3Il0sWyJwIiwiY29udmVydCIsIi1yZXNpemUgMjAwMHgyMDAwXHUwMDNlIl1d.jpg?sha=0fea8d04bb5b7ab6,MOMA,print,Unknown,Unknown,68705,Whites Grays Yellows Reds,"[u'#feaf3e', u'#fca932', u'#f3efe8', u'#f0ebdc', u'#aab38f', u'#fe9c2e', u'#f1e0cc', u'#cd925e', u'#c66271', u'#c2ccbe', u'#49403b', u'#fea131']",4774 4690 4345 7409 8360 6039 2154 1092 8651 3079 9025 5918,f,print,Unknown,"composition (irreg.): 41 5/16 x 41 1/8"" (105 x 104.4cm); sheet: 42 x 41 15/16"" (106.7 x 106.6cm)",Unknown,Unknown,#49403b,Grays,,,Unknown
21863,1029115,12773.97396655194,3303.0344282823316,1076.0,692.0,mick jagger from the portfolio mick jagger,andy warhol,andy,warhol,1975,20,http://www.moma.org/collection/works/71518,https://www.moma.org//media/W1siZiIsIjI1NTQ3MiJdLFsicCIsImNvbnZlcnQiLCItcmVzaXplIDIwMDB4MjAwMFx1MDAzZSJdXQ.jpg?sha=b3c9bdbf5007487a,MOMA,print,Unknown,Unknown,71518,Whites Reds Blacks Grays,"[u'#fbf7ec', u'#f7f3e7', u'#f5f3e9', u'#eae5da', u'#c29587', u'#c19b8b', u'#8a7b5f', u'#36312f', u'#f7f4e9', u'#b98c80', u'#f7f3e8', u'#171817']",6802 11090 1632 3570 300 12059 10194 13802 5883 13211 7679 10802,f,print,Unknown,"irreg. composition  42 3/8 x 27 1/4"" (107.6 x 69.2 cm)
sheet  43 7/8 x 28 15/16"" (111 x 73.6 cm)",Unknown,Unknown,#36312f,Blacks,,,Unknown
21870,1029127,11661.38312718939,16920.15875770885,1093.0,713.0,mick jagger from the portfolio mick jagger,andy warhol,andy,warhol,1975,20,http://www.moma.org/collection/works/71534,https://www.moma.org//media/W1siZiIsIjI1NDY2NSJdLFsicCIsImNvbnZlcnQiLCItcmVzaXplIDIwMDB4MjAwMFx1MDAzZSJdXQ.jpg?sha=4b252188c1a822f5,MOMA,print,Unknown,Unknown,71534,Whites Grays Blacks,"[u'#f7f3e8', u'#dedbd3', u'#373535', u'#343333', u'#2d2d2c', u'#252525', u'#0b0f10', u'#faf6ec', u'#f6f2e7', u'#615e5a', u'#171818', u'#090c0e']",8752 8069 13928 4911 5517 6843 8810 6494 16095 4499 5275 8087,f,print,Unknown,"irreg. composition  43 x 28 1/16"" (109.3 x 71.3 cm)
sheet  43 7/8 x 28 7/8"" (111 x 73.4 cm)",Unknown,Unknown,#f6f2e7,Whites,,,Unknown
21873,1029133,13586.355807439993,5063.8047062657,960.0,965.0,the shadow,andy warhol,andy,warhol,1981,20,http://www.moma.org/collection/works/71542,https://www.moma.org//media/W1siZiIsIjI3OTM4MCJdLFsicCIsImNvbnZlcnQiLCItcmVzaXplIDIwMDB4MjAwMFx1MDAzZSJdXQ.jpg?sha=60d0ecc55a5fcf06,MOMA,print,Unknown,Unknown,71542,Reds Grays,"[u'#d2c9bb', u'#795945', u'#785b46', u'#74413f', u'#725b46', u'#68393a', u'#725944', u'#775e48', u'#765a45', u'#72343b', u'#71363c', u'#59483b']",3683 5039 7940 3174 2249 2827 4572 4548 7838 5909 12544 5213,f,print,Unknown,"composition: 37 13/16 x 38"" (96 x 96.5cm); sheet: 37 13/16 x 38 1/16"" (96 x 96.6cm)",Unknown,Unknown,#71363c,Reds,,,Unknown
21879,1029148,4030.7086879738463,6342.013579352268,1013.0,812.0,the scream (after munch),andy warhol,andy,warhol,1984,20,http://www.moma.org/collection/works/71559,https://www.moma.org//media/W1siZiIsIjI1Mzg0MCJdLFsicCIsImNvbnZlcnQiLCItcmVzaXplIDIwMDB4MjAwMFx1MDAzZSJdXQ.jpg?sha=cd6d12a5e506485d,MOMA,print,Unknown,Unknown,71559,Reds Whites Grays,"[u'#e7b9ad', u'#dfd7c0', u'#d8a1a4', u'#abb3b5', u'#a3a5a9', u'#a06f7a', u'#814959', u'#faece4', u'#d58489', u'#d2666e', u'#cd4651', u'#816b68']",7533 3261 6053 8708 8229 10379 8684 6279 5657 3973 8662 3478,f,print,Unknown,"composition: 39 7/8 x 31 15/16"" (101.3 x 81.2 cm); sheet: 39 3/4 x 32 1/16"" (101 x 81.5 cm)",Unknown,Unknown,#a06f7a,Grays,,,Unknown
21881,1029154,4924.691539928287,8350.93231686531,1010.0,1021.0,philip's skull (cat scan),andy warhol,andy,warhol,1983,20,http://www.moma.org/collection/works/71569,https://www.moma.org//media/W1siZiIsIjI1NDY2NiJdLFsicCIsImNvbnZlcnQiLCItcmVzaXplIDIwMDB4MjAwMFx1MDAzZSJdXQ.jpg?sha=6670830ec88d23cd,MOMA,print,Unknown,Unknown,71569,Whites Grays Blues,"[u'#e0dfe5', u'#cdcfdb', u'#9fa3bb', u'#757d9b', u'#3e4f80', u'#374d84', u'#fefcf8', u'#fbf8f3', u'#f8faf6', u'#f7f4f1', u'#b7bacb', u'#334475']",3837 5146 9812 5154 4573 9220 1950 10129 1132 3565 6992 4026,f,print,Unknown,"composition and sheet: 39 3/4 x 40 3/16"" (101 x 102.1cm)",Unknown,Unknown,#fbf8f3,Whites,,,Unknown
21887,1029164,5168.114474057206,4342.588928443707,810.0,610.0,joseph beuys in memoriam,andy warhol,andy,warhol,1986,20,http://www.moma.org/collection/works/71580,https://www.moma.org//media/W1siZiIsIjI3OTM4MyJdLFsicCIsImNvbnZlcnQiLCItcmVzaXplIDIwMDB4MjAwMFx1MDAzZSJdXQ.jpg?sha=010932e98d444b94,MOMA,print,Unknown,Unknown,71580,Whites Grays Blacks,"[u'#adada9', u'#868988', u'#777b7a', u'#6a7171', u'#5c5f5f', u'#504f4f', u'#3d3d3d', u'#1e1f1f', u'#d5d4cc', u'#9d9e9c', u'#969696', u'#788482']",9496 3831 4764 6629 7935 7367 5117 10281 3418 6613 8774 12559,f,print,Unknown,"composition and sheet: 31 7/8 x 24"" (81 x 61cm)",Unknown,Unknown,#788482,Grays,,,Unknown
21893,1029173,10568.791466145774,2772.8191789522853,1000.0,747.0,red lenin,andy warhol,andy,warhol,1987,20,http://www.moma.org/collection/works/71598,https://www.moma.org//media/W1siZiIsIjI1Mzg0MiJdLFsicCIsImNvbnZlcnQiLCItcmVzaXplIDIwMDB4MjAwMFx1MDAzZSJdXQ.jpg?sha=287c479d5a9542cd,MOMA,print,Unknown,Unknown,71598,Whites Reds Yellows We don't know yet...,"[u'#f7f3e7', u'#e2ad51', u'#da373b', u'#d6393b', u'#d54341', u'#d4393a', u'#ce3b3e', u'#d53a3a', u'#d63a3c', u'#d53a3e', u'#a94e50', u'#6f262a']",8692 6754 2220 4248 2646 6164 4405 14197 8179 20947 4272 3804,f,print,Unknown,"composition and sheet: 39 3/8 x 29 7/16"" (100 x 74.7cm)",Unknown,Unknown,#d53a3e,Reds,,,Unknown
22131,1029628,7129.095799504254,3069.0241428910704,810.0,480.0,untitled from campbell's soup i,andy warhol,andy,warhol,1968,20,http://www.moma.org/collection/works/72314,https://www.moma.org//media/W1siZiIsIjI3NTA4NyJdLFsicCIsImNvbnZlcnQiLCItcmVzaXplIDIwMDB4MjAwMFx1MDAzZSJdXQ.jpg?sha=6fa978703c966517,MOMA,print,Unknown,Unknown,72314,Whites Reds Grays,"[u'#f8f5ef', u'#f7efec', u'#f4f1eb', u'#f1efea', u'#e7d9d0', u'#ad2d44', u'#9b7f76', u'#f1ebe7', u'#f2f0ea', u'#f1f2eb', u'#b12843', u'#82303b']",7763 4523 17874 8384 6086 15293 5852 7333 7664 5143 3136 8485,f,print,Unknown,"composition: 31 7/8 x 18 7/8"" (81 x 48 cm); sheet: 35 1/8 x 23 1/8"" (89.2 x 58.7 cm)",Unknown,Unknown,#f4f1eb,Whites,,,Unknown
22132,1029629,15723.404041648435,14888.248847079572,810.0,480.0,untitled from campbell's soup i,andy warhol,andy,warhol,1968,20,http://www.moma.org/collection/works/72315,https://www.moma.org//media/W1siZiIsIjI3NjUzOCJdLFsicCIsImNvbnZlcnQiLCItcmVzaXplIDIwMDB4MjAwMFx1MDAzZSJdXQ.jpg?sha=9858950556aeead0,MOMA,print,Unknown,Unknown,72315,Whites Reds Grays,"[u'#f8f7f3', u'#f5efed', u'#f2f1ee', u'#f0efed', u'#b4293e', u'#96776f', u'#f1f0ee', u'#edf0ed', u'#eae2dc', u'#b22e40', u'#852e37', u'#f1f0ec']",4742 4324 7553 14111 5592 6036 11867 5443 7451 13022 8007 9388,f,print,Unknown,"composition: 31 7/8 x 18 7/8"" (81 x 48 cm); sheet: 35 1/8 x 23 1/8"" (89.2 x 58.7 cm)",Unknown,Unknown,#f0efed,Whites,,,Unknown
22133,1029630,16985.396853712267,7106.553884635341,810.0,480.0,untitled from campbell's soup i,andy warhol,andy,warhol,1968,20,http://www.moma.org/collection/works/72316,https://www.moma.org//media/W1siZiIsIjI3NjUzOSJdLFsicCIsImNvbnZlcnQiLCItcmVzaXplIDIwMDB4MjAwMFx1MDAzZSJdXQ.jpg?sha=997bcb61becdb28c,MOMA,print,Unknown,Unknown,72316,Whites Reds Grays,"[u'#f7f7f3', u'#f2f1f0', u'#f0f1ec', u'#eeefed', u'#a6294a', u'#907571', u'#802d40', u'#f2f0ef', u'#f1f2ed', u'#e7e0dc', u'#a82649', u'#eef1eb']",4764 6483 10409 5667 14013 6119 8827 4479 11906 7682 3778 12897,f,print,Unknown,"composition: 31 7/8 x 18 7/8"" (81 x 48 cm); sheet: 35 1/8 x 23 1/8"" (89.2 x 58.7 cm)",Unknown,Unknown,#a6294a,Reds,,,Unknown
22572,1030364,4991.684334753875,15008.315665245827,1010.0,812.0,edward kennedy,andy warhol,andy,warhol,1980,20,http://www.moma.org/collection/works/73704,https://www.moma.org//media/W1siZiIsIjI1NDA1NCJdLFsicCIsImNvbnZlcnQiLCItcmVzaXplIDIwMDB4MjAwMFx1MDAzZSJdXQ.jpg?sha=de5e8a3f4531fc73,MOMA,print,Unknown,Unknown,73704,Whites Grays,"[u'#fbf7f3', u'#faf7ef', u'#f8f7f2', u'#f6f5ef', u'#c3c1be', u'#4c4b4c', u'#3f3d3c', u'#fbfaf5', u'#f6f8f1', u'#f8f7f3', u'#3c3c3c', u'#3c3a3a']",1184 1148 15243 9779 5006 7023 13852 3392 1867 12334 7210 3114,f,print,Unknown,"composition and sheet: 39 3/4 x 31 15/16"" (101 x 81.2cm)",Unknown,Unknown,#f8f7f2,Whites,,,Unknown
23515,1031577,9459.523672694097,3132.5971301985,914.0,914.0,untitled from mao,andy warhol,andy,warhol,1972,20,http://www.moma.org/collection/works/76516,https://www.moma.org//media/W1siZiIsIjIwOTU5NyJdLFsicCIsImNvbnZlcnQiLCItcmVzaXplIDIwMDB4MjAwMFx1MDAzZSJdXQ.jpg?sha=1d185304f2dfed6f,MOMA,print,Unknown,Unknown,76516,Whites Reds Blacks Greens,"[u'#edb5b3', u'#e6aba9', u'#4c7b32', u'#44712c', u'#29471c', u'#eeb6b4', u'#edb2b1', u'#ecbeb3', u'#d95629', u'#a04020', u'#161815', u'#121011']",3948 2556 1835 12301 2805 9484 6793 2759 7310 2804 6264 7189,f,print,Unknown,"composition and sheet: 36 x 36"" (91.4 x 91.4 cm)",Unknown,Unknown,#44712c,Greens,,,Unknown
23516,1031579,3633.1884743382334,7362.780316996648,914.0,914.0,untitled from mao,andy warhol,andy,warhol,1972,20,http://www.moma.org/collection/works/76520,https://www.moma.org//media/W1siZiIsIjEyMjcwOSJdLFsicCIsImNvbnZlcnQiLCItcmVzaXplIDIwMDB4MjAwMFx1MDAzZSJdXQ.jpg?sha=e19c8049a12805a6,MOMA,print,Unknown,Unknown,76520,Whites Reds Yellows Blacks Grays,"[u'#f9ed57', u'#f8eb3f', u'#f1d1b5', u'#e0c196', u'#f9ed3d', u'#f1dd6f', u'#f5f0db', u'#f4e43f', u'#cc8c86', u'#c79884', u'#5d4c3e', u'#292420']",3060 8034 7585 1947 5695 1611 4496 5313 9647 2975 4857 10316,f,print,Unknown,"composition and sheet: 36 x 36"" (91.4 x 91.4 cm)",Unknown,Unknown,#292420,Blacks,,,Unknown
23730,1031829,16070.958071650115,9038.454703589214,544.0,772.0,after the party,andy warhol,andy,warhol,1979,20,http://www.moma.org/collection/works/77094,https://www.moma.org//media/W1siZiIsIjMxMDYyMSJdLFsicCIsImNvbnZlcnQiLCItcmVzaXplIDIwMDB4MjAwMFx1MDAzZSJdXQ.jpg?sha=0cc9ac7659a61250,MOMA,print,Unknown,Unknown,77094,Whites Grays Yellows Blacks,"[u'#fdf7f4', u'#f7ede0', u'#f3e5d7', u'#d2c5b1', u'#9b8d7d', u'#33312d', u'#2c2b27', u'#f1e4cf', u'#efe0cf', u'#6e6a5d', u'#4a4640', u'#3a3430']",7116 4280 6687 7201 6565 7721 9638 9398 10662 6381 8288 8223,f,print,Unknown,"composition  21 7/16 x 30 3/8"" (54.4 x 77.2 cm)",Unknown,Unknown,#efe0cf,Whites,,,Unknown
24383,1032662,8798.23095991161,6301.335209832985,686.0,683.0,lita curtain star [lita hornick],andy warhol,andy,warhol,1968,20,http://www.moma.org/collection/works/78739,https://www.moma.org//media/W1siZiIsIjY5MzQ2Il0sWyJwIiwiY29udmVydCIsIi1yZXNpemUgMjAwMHgyMDAwXHUwMDNlIl1d.jpg?sha=61bdc36ee05d69e6,MOMA,painting,Unknown,Unknown,78739,Reds Whites Grays,"[u'#eec9a4', u'#edb5c9', u'#eb9d9a', u'#e8835c', u'#cb8970', u'#ca4b3d', u'#443d4b', u'#f1e2bd', u'#cab2a8', u'#c5e0c9', u'#898076', u'#eeb1a5']",16926 17707 10454 9401 8183 13931 14596 6464 6879 11243 8640 4344,f,synthetic polymer paint and silkscreen ink on eight canvases,Unknown,"each canvas 27 x 26 7/8"" (68.6 x 68.3 cm), overall  55 1/2"" x 9' 3""  (141 x 282 cm)",Unknown,Unknown,#edb5c9,Whites,,,Unknown
24446,1032780,4741.259296054083,10000.000000000606,1372.0,1775.0,before and after,andy warhol,andy,warhol,1961,20,http://www.moma.org/collection/works/78921,https://www.moma.org//media/W1siZiIsIjEyMTI4OSJdLFsicCIsImNvbnZlcnQiLCItcmVzaXplIDIwMDB4MjAwMFx1MDAzZSJdXQ.jpg?sha=8dcd5dc9c60b8062,MOMA,painting,Unknown,Unknown,78921,Whites Grays Blacks,"[u'#dbdbdf', u'#d8d7dc', u'#c6c5c6', u'#2b2b29', u'#272927', u'#222322', u'#e0e0e3', u'#d9dade', u'#d6d6da', u'#d3d2d7', u'#767675', u'#272826']",9891 6898 6097 8220 5642 6190 5185 7691 6733 7705 2032 12964,f,casein and pencil on canvas,Unknown,"54 x 69 7/8"" (137.2 x 177.5 cm)",Unknown,Unknown,#272826,Blacks,,,Unknown
24514,1032886,10000.0,10000.5,3029.0,6687.0,the last supper,andy warhol,andy,warhol,1986,20,http://www.moma.org/collection/works/79072,https://www.moma.org//media/W1siZiIsIjE1OTE5MSJdLFsicCIsImNvbnZlcnQiLCItcmVzaXplIDIwMDB4MjAwMFx1MDAzZSJdXQ.jpg?sha=82b99295be206b22,MOMA,painting,Unknown,Unknown,79072,Whites Grays Blues,"[u'#f6f5f5', u'#e9dde4', u'#c0afba', u'#8ba3c8', u'#e9e9eb', u'#fbfcfc', u'#f9faf7', u'#f0f2f2', u'#eeeeef', u'#eaeeef', u'#cdd0d3', u'#a37c82']",10272 8139 14146 11052 18578 16731 7648 14205 11529 8660 11787 12661,f,oil on canvas,Unknown,"9' 11 1/4"" x 21' 11 1/4"" (302.9 x 668.7 cm)",Unknown,Unknown,#e9e9eb,Whites,,,Unknown
24586,1032996,13031.319701479657,13549.21935722591,2689.0,4169.0,orange car crash fourteen times,andy warhol,andy,warhol,1963,20,http://www.moma.org/collection/works/79223,https://www.moma.org//media/W1siZiIsIjE1MTEzOCJdLFsicCIsImNvbnZlcnQiLCItcmVzaXplIDIwMDB4MjAwMFx1MDAzZSJdXQ.jpg?sha=76d638822ccfa0b7,MOMA,painting,Unknown,Unknown,79223,Reds Blacks,"[u'#d53f24', u'#d13d22', u'#a33321', u'#2f2927', u'#da482e', u'#d94227', u'#d9462b', u'#d1442b', u'#b74230', u'#4a2622', u'#2e2422', u'#2a1c1a']",5339 12904 4752 8204 7810 5929 7624 14394 2283 14510 8096 10043,f,silkscreen ink on synthetic polymer paint on two canvases,Unknown,"8' 9 7/8"" x 13' 8 1/8"" (268.9 x 416.9 cm)",Unknown,Unknown,#4a2622,Reds,,,Unknown
24800,1033351,9999.999999999482,14068.862486398782,2114.0,1447.0,gold marilyn monroe,andy warhol,andy,warhol,1962,20,http://www.moma.org/collection/works/79737,https://www.moma.org//media/W1siZiIsIjE1MTI2MSJdLFsicCIsImNvbnZlcnQiLCItcmVzaXplIDIwMDB4MjAwMFx1MDAzZSJdXQ.jpg?sha=aae3ac37487db926,MOMA,painting,Unknown,Unknown,79737,Yellows,"[u'#c6a56f', u'#b99761', u'#af8959', u'#ae8f58', u'#897145', u'#6f5d3a', u'#b6905a', u'#a67e53', u'#a48653', u'#a37c4a', u'#957a4b', u'#ae874f']",5662 6661 5625 6923 14038 8325 7508 6004 8697 7613 11439 7761,f,silkscreen ink on synthetic polymer paint on canvas,Unknown,"6' 11 1/4"" x 57"" (211.4 x 144.7 cm)",Unknown,Unknown,#897145,Yellows,,,Unknown
24806,1033359,6956.082116834888,9999.999999999915,3048.0,4064.0,hammer and sickle,andy warhol,andy,warhol,1976,20,http://www.moma.org/collection/works/79746,https://www.moma.org//media/W1siZiIsIjE1MTI2NCJdLFsicCIsImNvbnZlcnQiLCItcmVzaXplIDIwMDB4MjAwMFx1MDAzZSJdXQ.jpg?sha=10ed1dea9b11c462,MOMA,painting,Unknown,Unknown,79746,Whites Grays Reds We don't know yet...,"[u'#d5d1d5', u'#cdc9cd', u'#cbcdd0', u'#c4bfc4', u'#b9b9bd', u'#982323', u'#951f20', u'#837173', u'#511d1e', u'#c5c6ca', u'#afaaad', u'#832e2e']",6232 6462 5827 8975 11702 10809 7423 4106 8429 6290 5135 6930,f,silkscreen ink on synthetic polymer paint on canvas,Unknown,"10' x 13' 4"" (304.8 x 406.4 cm)",Unknown,Unknown,#b9b9bd,Grays,,,Unknown
24809,1033362,13601.5505791773,9999.99999999999,4172.0,2921.0,rorschach,andy warhol,andy,warhol,1984,20,http://www.moma.org/collection/works/79749,https://www.moma.org//media/W1siZiIsIjE1NjM4NyJdLFsicCIsImNvbnZlcnQiLCItcmVzaXplIDIwMDB4MjAwMFx1MDAzZSJdXQ.jpg?sha=16e767992ac4934b,MOMA,painting,Unknown,Unknown,79749,Whites Yellows,"[u'#e5e3d4', u'#dbd5b6', u'#bfb576', u'#aaa15f', u'#998f4d', u'#e9e6d0', u'#e4e2d3', u'#e3e0d0', u'#b3a865', u'#a09654', u'#958c4b', u'#8f8645']",10065 5252 11024 7072 7978 5167 4650 9278 7700 9058 7644 7784,f,oil on canvas,Unknown,"13' 8 1/4"" x 9' 7"" (417.2 x 292.1 cm)",Unknown,Unknown,#bfb576,Yellows,,,Unknown
24879,1033458,5975.604368574196,7076.105424249219,1823.0,1366.0,s&h green stamps,andy warhol,andy,warhol,1962,20,http://www.moma.org/collection/works/79885,https://www.moma.org//media/W1siZiIsIjE1MTM2MiJdLFsicCIsImNvbnZlcnQiLCItcmVzaXplIDIwMDB4MjAwMFx1MDAzZSJdXQ.jpg?sha=21be8cae16eabe9a,MOMA,painting,Unknown,Unknown,79885,Grays Cyans,"[u'#8ca396', u'#8dafa1', u'#8cb7a7', u'#7da394', u'#759384', u'#6fa190', u'#639181', u'#97c2b3', u'#8a9285', u'#7e7a70', u'#7aae9c', u'#4f7466']",4457 5239 5752 7226 7425 9341 11841 5639 5794 8164 7602 8816,f,silkscreen ink on synthetic polymer paint on canvas,Unknown,"71 3/4 x 53 3/4"" (182.3 x 136.6 cm)",Unknown,Unknown,#639181,Grays,,,Unknown
25040,1033698,8064.58526663664,14672.504498100381,1136.0,1015.0,water heater,andy warhol,andy,warhol,1961,20,http://www.moma.org/collection/works/80290,https://www.moma.org//media/W1siZiIsIjE1MTQ2NyJdLFsicCIsImNvbnZlcnQiLCItcmVzaXplIDIwMDB4MjAwMFx1MDAzZSJdXQ.jpg?sha=809de54c12b55d97,MOMA,painting,Unknown,Unknown,80290,Whites Grays Yellows,"[u'#c9bfa6', u'#c3bba3', u'#7e7b6c', u'#6b6b60', u'#4c4b3c', u'#e0dccf', u'#dcd8c9', u'#d7d0be', u'#d0c6ae', u'#cfc4ac', u'#cbc4ac', u'#b7ae96']",5229 6933 3304 9444 5364 5316 6262 5953 7193 5895 6286 6037,f,casein on canvas,Unknown,"44 3/4 x 40"" (113.6 x 101.5 cm)",Unknown,Unknown,#6b6b60,Grays,,,Unknown
25160,1033887,12981.250324711442,7018.749675288997,2922.0,2922.0,ten-foot flowers,andy warhol,andy,warhol,1967,20,http://www.moma.org/collection/works/80577,https://www.moma.org//media/W1siZiIsIjE1MDk3OSJdLFsicCIsImNvbnZlcnQiLCItcmVzaXplIDIwMDB4MjAwMFx1MDAzZSJdXQ.jpg?sha=5467a669dd1dce70,MOMA,painting,Unknown,Unknown,80577,Cyans Blacks Grays,"[u'#549182', u'#4ab9a3', u'#3ea792', u'#336558', u'#1a2925', u'#174136', u'#5bbeab', u'#57ac9a', u'#47ae9a', u'#42b29c', u'#3a927e', u'#2f443d']",3448 5271 9311 6753 7482 4543 4266 3258 5377 6993 3557 5277,f,silkscreen ink on synthetic polymer paint on canvas,Unknown,"9' 7"" x 9' 7"" (292.2 x 292.2 cm)",Unknown,Unknown,#3ea792,Cyans,,,Unknown
25219,1033971,7277.020820018052,13188.198991414687,2416.0,1931.0,silkscreen for portrait of sidney janis,andy warhol,andy,warhol,1967,20,http://www.moma.org/collection/works/80705,https://www.moma.org//media/W1siZiIsIjE2MjA0NCJdLFsicCIsImNvbnZlcnQiLCItcmVzaXplIDIwMDB4MjAwMFx1MDAzZSJdXQ.jpg?sha=9243679b3137e9c1,MOMA,painting,Unknown,Unknown,80705,Whites Grays Reds,"[u'#dec3c0', u'#dad1cb', u'#d3c1bb', u'#c13e50', u'#8f5f59', u'#dfd4d0', u'#dca8a9', u'#c77a7c', u'#c1283a', u'#bd2e40', u'#864240', u'#5c4a42']",4052 5492 5339 4357 12864 7385 5920 4437 8642 9642 5188 12186,f,"photosensitive gelatin on silk, with wood frame",Unknown,"7' 11 1/8 x 6' 4"" (241.6 x 193.1 cm)",Unknown,Unknown,#8f5f59,Grays,,,Unknown
25358,1034956,10316.142784432108,5983.025055141981,2108.0,1346.0,double elvis,andy warhol,andy,warhol,1963,20,http://www.moma.org/collection/works/82343,https://www.moma.org//media/W1siZiIsIjQwMTIwMSJdLFsicCIsImNvbnZlcnQiLCItcmVzaXplIDIwMDB4MjAwMFx1MDAzZSJdXQ.jpg?sha=72d653994713553c,MOMA,painting,Unknown,Unknown,82343,Grays,"[u'#c0c1c3', u'#bebfc1', u'#b4b5b6', u'#a2a3a3', u'#8c8d8d', u'#757776', u'#c4c6c7', u'#bbbcbe', u'#b9babb', u'#b7b8b9', u'#b1b2b3', u'#464846']",9055 11485 9002 8344 7903 7155 7672 10365 7385 6606 7844 10864,f,silkscreen ink on synthetic polymer paint on canvas,Unknown,"6' 11"" x 53"" (210.8 x 134.6 cm)",Unknown,Unknown,#bebfc1,Grays,,,Unknown
25823,1035674,2981.9674100437996,9999.999999999818,762.0,1016.0,cagney,andy warhol,andy,warhol,1962,20,http://www.moma.org/collection/works/84127,https://www.moma.org//media/W1siZiIsIjE4MjAyNSJdLFsicCIsImNvbnZlcnQiLCItcmVzaXplIDIwMDB4MjAwMFx1MDAzZSJdXQ.jpg?sha=de7666c00ed06cc1,MOMA,print,Unknown,Unknown,84127,Whites Grays,"[u'#cdcbc8', u'#bdbbb9', u'#b9b7b5', u'#484743', u'#42413d', u'#f3f2ed', u'#f0eee9', u'#e8e6e1', u'#d7d6d2', u'#c3c2c0', u'#858480', u'#3b3a37']",6106 7193 9212 9647 6323 5669 8412 7606 5891 8880 3216 8629,f,print,Unknown,"30 x 40"" (76.2 x 101.6 cm)",Unknown,Unknown,#484743,Grays,,,Unknown
25824,1035675,3022.2151847651376,8894.827457334188,921.0,857.0,mao,andy warhol,andy,warhol,1973,20,http://www.moma.org/collection/works/84128,https://www.moma.org//media/W1siZiIsIjM0NTAxNyJdLFsicCIsImNvbnZlcnQiLCItcmVzaXplIDIwMDB4MjAwMFx1MDAzZSJdXQ.jpg?sha=6b4672f5dcb0ef39,MOMA,drawing,Unknown,Unknown,84128,Whites Grays,"[u'#fbfbeb', u'#f3efdd', u'#f2ebd8', u'#f1efdb', u'#f6f4e0', u'#f5f2de', u'#f2f0db', u'#f1eeda', u'#edead7', u'#dfdcca', u'#a4a293', u'#f3f1dc']",5151 9611 1749 1417 7032 8802 2577 9138 7729 8408 6281 2761,f,graphite on paper,Unknown,"36 1/4 x 33 3/4"" (92.1 x 85.7 cm)",Unknown,Unknown,#f3efdd,Whites,,,Unknown
27289,1038756,5569.879005765822,13783.680775440262,965.0,965.0,untitled from camouflage,andy warhol,andy,warhol,1987,20,http://www.moma.org/collection/works/91753,https://www.moma.org//media/W1siZiIsIjI3NjMxNyJdLFsicCIsImNvbnZlcnQiLCItcmVzaXplIDIwMDB4MjAwMFx1MDAzZSJdXQ.jpg?sha=f5695f436bc0e344,MOMA,print,Unknown,Unknown,91753,Whites Grays Cyans,"[u'#e7e5e4', u'#bbcbc1', u'#7a9f8b', u'#78af96', u'#74af94', u'#626b5f', u'#617b64', u'#e9eae7', u'#e1e6e1', u'#5f5c57', u'#5a7a60', u'#586c5a']",6246 1322 2310 8403 5870 1638 4545 6142 7764 9406 10612 1790,f,print,Unknown,"composition and sheet: 38 x 38"" (96.5 x 96.5 cm)",Unknown,Unknown,#5a7a60,Grays,,,Unknown
27345,1038865,8639.581892593453,15666.549230002282,965.0,965.0,untitled from camouflage,andy warhol,andy,warhol,1987,20,http://www.moma.org/collection/works/91995,https://www.moma.org//media/W1siZiIsIjI3NjMxOCJdLFsicCIsImNvbnZlcnQiLCItcmVzaXplIDIwMDB4MjAwMFx1MDAzZSJdXQ.jpg?sha=a43c37ff20066a49,MOMA,print,Unknown,Unknown,91995,Whites Grays Yellows,"[u'#ded1a7', u'#ddd3aa', u'#d2c9a5', u'#adb9ae', u'#aca582', u'#a6a787', u'#889771', u'#81916a', u'#7f956a', u'#ada986', u'#e1e0d6', u'#a5b8b4']",9528 4916 1828 4368 10131 4134 2638 6694 6095 3014 4833 7613,f,print,Unknown,"composition and sheet: 38 x 38"" (96.5 x 96.5 cm)",Unknown,Unknown,#aca582,Grays,,,Unknown
27346,1038866,9062.41305518888,4080.309007048757,965.0,965.0,untitled from camouflage,andy warhol,andy,warhol,1987,20,http://www.moma.org/collection/works/91996,https://www.moma.org//media/W1siZiIsIjI3NjMxOSJdLFsicCIsImNvbnZlcnQiLCItcmVzaXplIDIwMDB4MjAwMFx1MDAzZSJdXQ.jpg?sha=0dfbe8d8d77616eb,MOMA,print,Unknown,Unknown,91996,Reds Whites Magentas,"[u'#ff8730', u'#fe3f8d', u'#fda5a9', u'#f6892a', u'#d82f50', u'#fe4e86', u'#fc4487', u'#f9b4b8', u'#ee5473', u'#e7e4e2', u'#c82c3f', u'#fe4490']",2596 5360 7338 6050 2258 1479 5006 4489 3052 5146 12364 10398,f,print,Unknown,"composition and sheet: 38 x 38"" (96.5 x 96.5 cm)",Unknown,Unknown,#c82c3f,Reds,,,Unknown
27347,1038867,10933.901044564607,15896.419134689942,965.0,965.0,untitled from camouflage,andy warhol,andy,warhol,1987,20,http://www.moma.org/collection/works/91997,https://www.moma.org//media/W1siZiIsIjI3NjMyMCJdLFsicCIsImNvbnZlcnQiLCItcmVzaXplIDIwMDB4MjAwMFx1MDAzZSJdXQ.jpg?sha=8fb6bb7942b55ae0,MOMA,print,Unknown,Unknown,91997,Reds Yellows Magentas Whites,"[u'#ff3d84', u'#fcfd69', u'#fb3d82', u'#f8835c', u'#f34775', u'#f2c386', u'#ff3888', u'#fc9c3f', u'#fafe5b', u'#f7b26e', u'#f0c476', u'#eee6b6']",8383 5303 6117 2474 5674 7686 4551 7368 5251 1220 6126 5639,f,print,Unknown,"composition and sheet: 38 x 38"" (96.5 x 96.5 cm)",Unknown,Unknown,#ff3d84,Magentas,,,Unknown
27348,1038868,12513.463448394166,5067.050230976588,965.0,965.0,untitled from camouflage,andy warhol,andy,warhol,1987,20,http://www.moma.org/collection/works/91998,https://www.moma.org//media/W1siZiIsIjI3NjMyMSJdLFsicCIsImNvbnZlcnQiLCItcmVzaXplIDIwMDB4MjAwMFx1MDAzZSJdXQ.jpg?sha=e3d02982b4288598,MOMA,print,Unknown,Unknown,91998,Reds Whites Blues Yellows Grays,"[u'#fda74c', u'#fb8791', u'#495784', u'#fea056', u'#f6ac59', u'#f38690', u'#ef9283', u'#e3e0df', u'#856e95', u'#83749a', u'#79729b', u'#475c88']",15418 9204 2986 3854 1643 3675 3431 5587 2146 2228 9073 7059,f,print,Unknown,"composition and sheet: 38 x 38"" (96.5 x 96.5 cm)",Unknown,Unknown,#fda74c,Yellows,,,Unknown
27349,1038869,14869.478245273278,13537.883034388773,965.0,965.0,untitled from camouflage,andy warhol,andy,warhol,1987,20,http://www.moma.org/collection/works/91999,https://www.moma.org//media/W1siZiIsIjI3NjMyMiJdLFsicCIsImNvbnZlcnQiLCItcmVzaXplIDIwMDB4MjAwMFx1MDAzZSJdXQ.jpg?sha=d7200a22866a37c0,MOMA,print,Unknown,Unknown,91999,Whites Cyans Blues,"[u'#ffffc3', u'#eef3d6', u'#bad9d8', u'#5269ae', u'#448f7b', u'#9bcacd', u'#7bbab5', u'#5876ab', u'#536eb4', u'#506eb4', u'#4b8094', u'#ffffbb']",7189 6254 1016 2767 11732 10810 994 2220 8698 6773 2156 4927,f,print,Unknown,"composition and sheet: 38 x 38"" (96.5 x 96.5 cm)",Unknown,Unknown,#448f7b,Cyans,,,Unknown
27350,1038870,15161.344085956105,6837.124276266542,965.0,965.0,untitled from camouflage,andy warhol,andy,warhol,1987,20,http://www.moma.org/collection/works/92000,https://www.moma.org//media/W1siZiIsIjI3NjMyMyJdLFsicCIsImNvbnZlcnQiLCItcmVzaXplIDIwMDB4MjAwMFx1MDAzZSJdXQ.jpg?sha=783269d6dc182bec,MOMA,print,Unknown,Unknown,92000,Reds Grays Blues Yellows,"[u'#ffad01', u'#fcfb05', u'#60709d', u'#ecaf1d', u'#d08b41', u'#74738e', u'#ffac10', u'#f4f64e', u'#eb3836', u'#e8da98', u'#7c6097', u'#606eb5']",10584 6327 4229 2857 3284 4462 4563 2418 8265 6384 3372 8791,f,print,Unknown,"composition and sheet: 38 x 38"" (96.5 x 96.5 cm)",Unknown,Unknown,#ffad01,Yellows,,,Unknown
27351,1038871,4573.694835168308,7235.1594217937345,965.0,965.0,untitled from camouflage,andy warhol,andy,warhol,1987,20,http://www.moma.org/collection/works/92001,https://www.moma.org//media/W1siZiIsIjI3NjMyNCJdLFsicCIsImNvbnZlcnQiLCItcmVzaXplIDIwMDB4MjAwMFx1MDAzZSJdXQ.jpg?sha=ce13a8415bfc49ab,MOMA,print,Unknown,Unknown,92001,Whites Grays Yellows,"[u'#feaf0c', u'#fc9706', u'#f98b07', u'#f3df08', u'#eab32f', u'#e6cd64', u'#feb000', u'#eee2ab', u'#e6981f', u'#ccde7a', u'#c4e0de', u'#bbd2cd']",5214 4427 7940 7848 3805 3848 7762 3179 2744 2553 6576 9640,f,print,Unknown,"composition and sheet: 38 x 38"" (96.5 x 96.5 cm)",Unknown,Unknown,#bbd2cd,Grays,,,Unknown
29212,1041650,3993.15492857126,5635.7715964666395,737.0,584.0,portrait of a woman,andy warhol,andy,warhol,1962,20,http://www.moma.org/collection/works/97678,https://www.moma.org//media/W1siZiIsIjExNDM3OSJdLFsicCIsImNvbnZlcnQiLCItcmVzaXplIDIwMDB4MjAwMFx1MDAzZSJdXQ.jpg?sha=2b145968310b4b99,MOMA,drawing,Unknown,Unknown,97678,Whites Grays,"[u'#fcf9f1', u'#faf7f0', u'#f8f5ed', u'#f5f1e7', u'#ece9de', u'#e4e1d7', u'#fcfbf3', u'#fbf8f1', u'#f9f6ef', u'#f7f4ea', u'#f1eee3', u'#9b9891']",4868 8737 6952 5984 5820 8023 7374 7930 5142 7021 7235 5298,f,pencil on paper,Unknown,"29 x 23"" (73.7 x 58.4 cm)",Unknown,Unknown,#faf7f0,Whites,,,Unknown
35451,1056110,2881.808306588009,11127.410807482529,865.0,864.0,untitled from sunset,andy warhol,andy,warhol,1972,20,http://www.moma.org/collection/works/160514,https://www.moma.org//media/W1siZiIsIjI1MDAxMyJdLFsicCIsImNvbnZlcnQiLCItcmVzaXplIDIwMDB4MjAwMFx1MDAzZSJdXQ.jpg?sha=2c8924319560edc5,MOMA,print,Unknown,Unknown,160514,Whites Yellows Magentas Reds,"[u'#fcf5e6', u'#eddbc8', u'#ebd9c7', u'#e7c5b3', u'#e2d3bc', u'#d899b3', u'#ead8c6', u'#e6d4c1', u'#e4d6c6', u'#e1ccb7', u'#ebd7c4', u'#e6c2af']",4348 5706 1823 2904 5845 4709 3166 2781 13080 1945 8551 10934,f,print,Unknown,"composition and sheet: 34 1/16 x 34"" (86.5 x 86.4 cm)
",Unknown,Unknown,#e4d6c6,Whites,,,Unknown
35452,1056111,16815.7206960329,12214.561898165844,865.0,864.0,untitled from sunset,andy warhol,andy,warhol,1972,20,http://www.moma.org/collection/works/160515,https://www.moma.org//media/W1siZiIsIjI1MDAxNCJdLFsicCIsImNvbnZlcnQiLCItcmVzaXplIDIwMDB4MjAwMFx1MDAzZSJdXQ.jpg?sha=59f480e69ce2c78c,MOMA,print,Unknown,Unknown,160515,Whites Yellows,"[u'#f9f1b7', u'#f4e776', u'#f1b945', u'#ecdb7e', u'#e8d98a', u'#ded583', u'#dcd988', u'#c7d383', u'#c5d591', u'#f3e683', u'#dcce4b', u'#cad486']",3937 12583 9728 1524 8668 5671 713 7700 6206 2821 788 5197,f,print,Unknown,"composition and sheet: 34 1/16 x 34"" (86.5 x 86.4 cm)",Unknown,Unknown,#f4e776,Yellows,,,Unknown
35453,1056112,16817.214612115793,7784.95269907607,865.0,864.0,untitled from sunset,andy warhol,andy,warhol,1972,20,http://www.moma.org/collection/works/160516,https://www.moma.org//media/W1siZiIsIjI1MDAxNSJdLFsicCIsImNvbnZlcnQiLCItcmVzaXplIDIwMDB4MjAwMFx1MDAzZSJdXQ.jpg?sha=a2373ddfcc909a45,MOMA,print,Unknown,Unknown,160516,Whites Reds Yellows Greens,"[u'#f9e5af', u'#f4d78d', u'#efd99c', u'#eed796', u'#edd390', u'#ecc19b', u'#e8d797', u'#bbd1ae', u'#f5d88d', u'#eed691', u'#ebc09a', u'#e8cc90']",4131 6232 5961 2324 7428 8259 1312 4891 8539 5205 6080 5686,f,print,Unknown,"composition and sheet: 34 1/16 x 34"" (86.5 x 86.4 cm)",Unknown,Unknown,#f5d88d,Yellows,,,Unknown
35454,1056113,15799.704520967958,5786.268015653078,865.0,864.0,untitled from sunset,andy warhol,andy,warhol,1972,20,http://www.moma.org/collection/works/160517,https://www.moma.org//media/W1siZiIsIjI1MDAxNiJdLFsicCIsImNvbnZlcnQiLCItcmVzaXplIDIwMDB4MjAwMFx1MDAzZSJdXQ.jpg?sha=b92fa2d534045f14,MOMA,print,Unknown,Unknown,160517,Whites Reds,"[u'#eedbc8', u'#e7d9c9', u'#e5d5c4', u'#c86335', u'#fbf2e2', u'#f2dec9', u'#f0dcc7', u'#eddac6', u'#ebc6b3', u'#ead6c4', u'#e9ccba', u'#e8c6b2']",6053 12254 3372 4695 3788 4862 8145 4565 5585 3597 3295 6349,f,print,Unknown,"composition and sheet: 34 1/16 x 34"" (86.5 x 86.4 cm)
",Unknown,Unknown,#e7d9c9,Whites,,,Unknown
36469,1057794,12843.853902649269,16865.670661186487,950.0,600.0,souper dress,andy warhol,andy,warhol,1968,20,http://www.moma.org/collection/works/168481,https://www.moma.org//media/W1siZiIsIjMxNjE3OSJdLFsicCIsImNvbnZlcnQiLCItcmVzaXplIDIwMDB4MjAwMFx1MDAzZSJdXQ.jpg?sha=ea5e6e6339b56d8d,MOMA,periodical,Unknown,Unknown,168481,Whites Yellows,"[u'#e3d9c8', u'#d2b37f', u'#cdad7a', u'#caab77', u'#c6a979', u'#c0a16f', u'#bd9d6b', u'#f5f6f4', u'#f4f4f3', u'#c6a673', u'#c3a471', u'#b29466']",5399 7208 5757 6002 1464 7693 12233 6138 8341 8946 5884 6855,f,print,Unknown,"overall (dress, irreg.): 37 3/8 x 23 5/8"" (95 x 60 cm)",Unknown,Unknown,#bd9d6b,Yellows,,,Unknown
68895,9024054,6829.39038105335,3777.3282529953103,914.0,914.0,marilyn monroe (marilyn),andy warhol,andy,warhol,1967,20,http://data-aggregator-lb-v1-1312266121.us-east-2.elb.amazonaws.com/api/v1/artworks?page=269&limit=100,"https://lakeimagesweb.artic.edu/iiif/2/2c4e2b1a-60b6-d8d4-985e-4bc04d891e1c/full/6000,/0/default.jpg",Chicago Art Institute,screenprint,prints and drawings,united states,150046,Reds We don't know yet... Yellows Greens,"[u'#e2b11b', u'#be8527', u'#aab14e', u'#a24b33', u'#970305', u'#811105', u'#628f45', u'#e3a81a', u'#9d2010', u'#8fb061', u'#89b060', u'#6da253']",5818 2355 1973 4029 5770 6899 8088 5722 3983 10088 5780 5031,f,,pop art,914 x 914 mm,Unknown,"screen printing, pop art, prints and drawing, screenprint, print",#8fb061,Yellows,,,Unknown
68896,9024055,16931.63879198248,10000.000000000146,914.0,914.0,marilyn monroe (marilyn),andy warhol,andy,warhol,1967,20,http://data-aggregator-lb-v1-1312266121.us-east-2.elb.amazonaws.com/api/v1/artworks?page=269&limit=100,"https://lakeimagesweb.artic.edu/iiif/2/4e490e16-1db0-d7f7-68af-0ea09e6b06a6/full/6000,/0/default.jpg",Chicago Art Institute,screenprint,prints and drawings,united states,150051,Reds Cyans Magentas Greens Grays,"[u'#c5216f', u'#379374', u'#07697a', u'#045f77', u'#00697c', u'#c7146a', u'#b7cab9', u'#8c5063', u'#85be9d', u'#819e88', u'#37886f', u'#327e6e']",5101 2733 2848 6315 8412 7626 4022 3542 7360 4676 7039 5862,f,,pop art,914 x 914 mm,Unknown,"screen printing, pop art, prints and drawing, screenprint, print",#00697c,Cyans,,,Unknown
70439,9030413,16720.925707026592,13424.482691891788,693.0,803.0,wrist watches,andy warhol,andy,warhol,1980,20,http://data-aggregator-lb-v1-1312266121.us-east-2.elb.amazonaws.com/api/v1/artworks?page=335&limit=100,"https://lakeimagesweb.artic.edu/iiif/2/a433c6a5-6f91-d1a4-4788-38f90caf6eda/full/6000,/0/default.jpg",Chicago Art Institute,gelatin silver (developing-out-paper) pr,photography,united states,121247,Whites Grays Blacks,"[u'#44433e', u'#3c3d3c', u'#393733', u'#302f2c', u'#201f1b', u'#e0ded9', u'#a19e96', u'#7e7a72', u'#646059', u'#514e47', u'#393a38', u'#353635']",5106 9300 3032 7122 6427 4318 5144 5001 4901 4822 6186 10577,f,,pop art,69.3 x 80.3 cm (image and paper),Unknown,"photograph, pop art, photographic process, photography, gelatin silver (developing-out-paper) pr",#353635,Grays,,,Unknown
73357,9038697,13606.690244009718,4114.4164403642935,914.0,914.0,marilyn monroe (marilyn),andy warhol,andy,warhol,1967,20,http://data-aggregator-lb-v1-1312266121.us-east-2.elb.amazonaws.com/api/v1/artworks?page=420&limit=100,"https://lakeimagesweb.artic.edu/iiif/2/ac551052-8ac0-1390-a1a8-b46ae30a9601/full/6000,/0/default.jpg",Chicago Art Institute,screenprint,prints and drawings,united states,150045,Grays Blacks,"[u'#8d8b89', u'#7a7b7a', u'#3a3b39', u'#1f1d19', u'#160f0c', u'#8b8885', u'#63686b', u'#585c5c', u'#232420', u'#1e1815', u'#1b1814', u'#0f0603']",5146 3164 3025 6420 4479 6581 7383 3506 4341 6099 6888 9016,f,,pop art,914 x 914 mm,Unknown,"screen printing, pop art, prints and drawing, screenprint, print",#0f0603,Blacks,,,Unknown
73358,9038698,10538.627678414752,16843.91355851235,914.0,914.0,marilyn monroe (marilyn),andy warhol,andy,warhol,1967,20,http://data-aggregator-lb-v1-1312266121.us-east-2.elb.amazonaws.com/api/v1/artworks?page=420&limit=100,"https://lakeimagesweb.artic.edu/iiif/2/accbf840-31b2-22cc-d575-e54094d7dd14/full/6000,/0/default.jpg",Chicago Art Institute,screenprint,prints and drawings,united states,150050,Reds Grays Cyans,"[u'#d27111', u'#8ba7a4', u'#568d8c', u'#47a1a4', u'#217985', u'#018d9c', u'#c0d2d1', u'#beb4b8', u'#b8aaab', u'#8d7c5f', u'#128494', u'#008497']",9670 5183 7314 1671 3316 5858 3803 8732 4411 4751 2189 8894,f,,pop art,914 x 914 mm,Unknown,"screen printing, pop art, prints and drawing, screenprint, print",#d27111,Reds,,,Unknown
73359,9038699,6389.20606186117,15892.280179828125,914.0,914.0,marilyn monroe (marilyn),andy warhol,andy,warhol,1967,20,http://data-aggregator-lb-v1-1312266121.us-east-2.elb.amazonaws.com/api/v1/artworks?page=420&limit=100,"https://lakeimagesweb.artic.edu/iiif/2/70e9f8cd-7aba-f720-9629-e56aa9222622/full/6000,/0/default.jpg",Chicago Art Institute,screenprint,prints and drawings,united states,150052,Whites Yellows Magentas Reds Blacks,"[u'#f3f3dc', u'#f20d77', u'#dabf63', u'#af816b', u'#9c214f', u'#fae61a', u'#f9c463', u'#f50072', u'#f30273', u'#f29ea7', u'#371c1c', u'#18060d']",4303 3961 1188 3441 2541 8120 1054 6783 7177 13779 5291 8666,f,,pop art,914 x 914 mm,Unknown,"screen printing, pop art, prints and drawing, screenprint, print",#f29ea7,Reds,,,Unknown
73363,9038704,16845.910951753565,11084.285774606004,914.0,914.0,marilyn monroe (marilyn),andy warhol,andy,warhol,1967,20,http://data-aggregator-lb-v1-1312266121.us-east-2.elb.amazonaws.com/api/v1/artworks?page=421&limit=100,"https://lakeimagesweb.artic.edu/iiif/2/b212060a-db08-1012-5e67-d857d5760942/full/6000,/0/default.jpg",Chicago Art Institute,screenprint,prints and drawings,united states,149983,Reds Grays Blues Magentas,"[u'#ae0055', u'#d0bfba', u'#a50349', u'#a10b23', u'#8e5983', u'#8d113a', u'#c88094', u'#ae8e9d', u'#a20055', u'#9b0639', u'#505087', u'#324e88']",4355 4446 1772 12159 3387 1596 9103 3115 11836 566 5258 7943,f,,pop art,914 x 914 mm,Unknown,"screen printing, pop art, prints and drawing, screenprint, marilyn monroe, print",#a10b23,Reds,,,Unknown
73364,9038707,16846.686680362818,8915.591362055864,914.0,914.0,marilyn monroe (marilyn),andy warhol,andy,warhol,1967,20,http://data-aggregator-lb-v1-1312266121.us-east-2.elb.amazonaws.com/api/v1/artworks?page=421&limit=100,"https://lakeimagesweb.artic.edu/iiif/2/5473c269-3959-32e8-c7fb-b07439237722/full/6000,/0/default.jpg",Chicago Art Institute,screenprint,prints and drawings,united states,150044,Grays Yellows Magentas,"[u'#b3c19e', u'#9abdad', u'#947b74', u'#65474a', u'#454b51', u'#e6a627', u'#e3a83d', u'#c29a9d', u'#be92a5', u'#a6a6a1', u'#a0c0b0', u'#97b6a6']",992 4086 3696 6121 10572 5635 5640 460 13826 581 7910 6529,f,,pop art,914 x 914 mm,Unknown,"screen printing, pop art, prints and drawing, screenprint, print",#be92a5,Magentas,,,Unknown
73365,9038708,3587.837643834853,12656.004612059332,914.0,914.0,marilyn monroe (marilyn),andy warhol,andy,warhol,1967,20,http://data-aggregator-lb-v1-1312266121.us-east-2.elb.amazonaws.com/api/v1/artworks?page=421&limit=100,"https://lakeimagesweb.artic.edu/iiif/2/a883cf4d-4f23-f490-1df7-0a6a2c64b4b1/full/6000,/0/default.jpg",Chicago Art Institute,screenprint,prints and drawings,united states,150047,Whites Grays Reds Cyans,"[u'#e8e7e3', u'#ae9f93', u'#9a9993', u'#946d6d', u'#8b4b58', u'#836965', u'#68818c', u'#4b6f82', u'#a0847a', u'#8c8479', u'#869295', u'#405668']",4001 4344 3941 4529 9114 7186 4606 8318 5124 5727 4749 4409,f,,pop art,914 x 914 mm,Unknown,"screen printing, pop art, prints and drawing, screenprint, print",#8b4b58,Reds,,,Unknown
73366,9038709,14523.54500444711,4703.60929425666,914.0,914.0,marilyn monroe (marilyn),andy warhol,andy,warhol,1967,20,http://data-aggregator-lb-v1-1312266121.us-east-2.elb.amazonaws.com/api/v1/artworks?page=421&limit=100,"https://lakeimagesweb.artic.edu/iiif/2/a337818d-24eb-0649-bcf4-76faa880fc33/full/6000,/0/default.jpg",Chicago Art Institute,screenprint,prints and drawings,united states,150049,Whites Reds Grays Yellows Cyans,"[u'#efeff0', u'#dcaf96', u'#d09fa7', u'#ad9b72', u'#96d5e3', u'#748d10', u'#f19e05', u'#e0a675', u'#a8b8b5', u'#9fd6e3', u'#9a8e0e', u'#877211']",4309 463 17736 1900 5916 10499 9441 537 1808 6118 5024 2297,f,,pop art,914 x 914 mm,Unknown,"screen printing, pop art, prints and drawing, screenprint, print",#d09fa7,Reds,,,Unknown
